News Channel,News Time,News text,Sentiment,Tweet Ago,Tweet ID,neg,neutral,pos
@BBCWorld,2018-07-18 00:03:44+00:00,Trump sheds light on his crucial error at Putin summit https://t.co/gJII3iPhs8,-0.4019,1,1019372108055531520,0.213,0.787,0.0
@BBCWorld,2018-07-17 22:44:22+00:00,Trump sheds light on his crucial error at Putin summit https://t.co/bYiEjhiysB,-0.4019,2,1019352134343675904,0.213,0.787,0.0
@BBCWorld,2018-07-17 22:42:02+00:00,Brazilian plastic surgeon 'Dr Bumbum' on run after patient dies https://t.co/WsrPhZiBDo,0.0,3,1019351549062021120,0.0,1.0,0.0
@BBCWorld,2018-07-17 22:31:46+00:00,Double negative trends after Trump remarks on Russian meddling https://t.co/vK3rMAgESv,-0.5719,4,1019348966092230662,0.291,0.709,0.0
@BBCWorld,2018-07-17 21:58:00+00:00,"RT @BBCSport: ZERO France players?

A combined #WorldCup XI based on your player ratings throughout the tournament: https://t.co/wMbFqKvAFD‚Ä¶",0.0,5,1019340465324339202,0.0,1.0,0.0
@BBCWorld,2018-07-17 21:54:15+00:00,Batwoman: Lesbian comic hero to get TV series https://t.co/jsMRccGfsw,0.5574,6,1019339524248428545,0.0,0.69,0.31
@BBCWorld,2018-07-17 21:49:02+00:00,Eritreans hope for democracy after peace deal with Ethiopia https://t.co/sSRb0UqRhP,0.7506,7,1019338212014256130,0.0,0.556,0.444
@BBCWorld,2018-07-17 21:43:46+00:00,The app changing the dating scene for India's disabled people https://t.co/odDNMvJtHe,0.0,8,1019336884105904134,0.0,1.0,0.0
@BBCWorld,2018-07-17 21:36:13+00:00,Trump immigration policy: My life trapped in an American city https://t.co/bo7XaN0voO,-0.5267,9,1019334985285865472,0.254,0.746,0.0
@BBCWorld,2018-07-17 20:39:19+00:00,Rice paddy cartoons celebrate Japanese artist https://t.co/iZass2QS05,0.5719,10,1019320666955411458,0.0,0.619,0.381
@BBCWorld,2018-07-17 20:19:13+00:00,President Trump reverses his remark on Russia meddling in the US election https://t.co/OBwVGTjUxZ https://t.co/ooAP1QHTFL,0.0,11,1019315605982326801,0.0,1.0,0.0
@BBCWorld,2018-07-17 19:46:18+00:00,Mormon Church cuts ties with Boy Scouts https://t.co/zaR4zyeX2I,-0.296,12,1019307325771919360,0.239,0.761,0.0
@BBCWorld,2018-07-17 19:19:10+00:00,Canadian scientist debunks health hoaxes with viral parody https://t.co/sAcjAixz2V,0.0,13,1019300497495412743,0.0,1.0,0.0
@BBCWorld,2018-07-17 18:57:37+00:00,"RT @awzurcher: As Trump says he has ""full faith and support for America‚Äôs intelligence agencies"" the lights in the White House go dark. Lit‚Ä¶",0.8225,14,1019295070586011648,0.0,0.709,0.291
@BBCWorld,2018-07-17 18:51:45+00:00,RT @awzurcher: The White House pool playback of Trump's White House remarks is like some kind of avant garde film project right now. Networ‚Ä¶,0.3612,15,1019293593956225024,0.0,0.902,0.098
@BBCWorld,2018-07-17 18:43:39+00:00,"RT @BBCJamesCook: BREAKING Under intense pressure, accused of treachery, President Trump now says he accepts the conclusion of US intellige‚Ä¶",-0.2023,16,1019291557277691904,0.183,0.667,0.15
@BBCWorld,2018-07-17 18:40:13+00:00,"Trump to redesign Air Force One to be 'red, white and blue' https://t.co/j15I7Ud2rm",0.0,17,1019290691816574977,0.0,1.0,0.0
@BBCWorld,2018-07-17 18:17:12+00:00,Margrethe Vestager - Denmark's EU 'tax lady' taking on corporate giants https://t.co/M5w1ONUUi4,0.0,18,1019284900942352385,0.0,1.0,0.0
@BBCWorld,2018-07-17 17:36:46+00:00,Spain PM Pedro Sanchez promises new law on sexual consent https://t.co/UWAxi2wqc6,0.5423,19,1019274725875429383,0.0,0.667,0.333
@BBCWorld,2018-07-17 16:58:33+00:00,British woman impaled by umbrella on New Jersey beach https://t.co/PICZsaPQhr,0.0,20,1019265107925356544,0.0,1.0,0.0
@BBCWorld,2018-07-17 16:31:07+00:00,Search for man missing after Malin Head boat capsizes https://t.co/MSFTMCcjL4,-0.296,21,1019258205573087232,0.196,0.804,0.0
@BBCWorld,2018-07-17 16:24:32+00:00,Alabama boss gives new employee a car after 20-mile walk https://t.co/wN1WLqBLzE,0.0,22,1019256545794838528,0.0,1.0,0.0
@BBCWorld,2018-07-17 15:32:46+00:00,"Barack Obama: ""Too much of politics today seems to reject the very concept of objective truth"" 

Former US presiden‚Ä¶ https://t.co/35nn7Z4btT",-0.1027,23,1019243521377628160,0.117,0.783,0.1
@BBCWorld,2018-07-17 15:25:50+00:00,Trump-Putin summit: US president hails meeting amid outcry https://t.co/LkJttid980,-0.5106,24,1019241773988831232,0.292,0.708,0.0
@BBCWorld,2018-07-17 15:17:31+00:00,"RT @bbcideas: A lot of us use emojis to sum up how we feel, but is social mediaüì± üíª messing with our emotions? ü§î #WorldEmojiDay

More on how‚Ä¶",0.0,25,1019239682918486018,0.0,1.0,0.0
@BBCWorld,2018-07-17 14:22:10+00:00,Houston police arrest 'mattress murders' suspect https://t.co/y1xHSYWP0e,-0.8225,26,1019225755182608385,0.683,0.317,0.0
@BBCWorld,2018-07-17 14:00:39+00:00,"Las Vegas shooting: Mandalay Bay hotel owner sues 1,000 victims https://t.co/qSs8L1JYYW",-0.3182,27,1019220336712273920,0.187,0.813,0.0
@BBCWorld,2018-07-17 13:46:55+00:00,Amlo: How often do world leaders take a pay cut? https://t.co/8ARPG1wHY4,-0.3612,28,1019216881453010947,0.304,0.696,0.0
@BBCWorld,2018-07-17 13:20:22+00:00,Nelson Chamisa - Zimbabwe's young political crusader https://t.co/PsamM6xNNC,0.0,29,1019210202296528896,0.0,1.0,0.0
@BBCWorld,2018-07-17 13:12:53+00:00,Texas house guest 'bit off and swallowed woman's nose' https://t.co/RJR4VAoK8e,0.0,30,1019208317795741696,0.0,1.0,0.0
@BBCWorld,2018-07-17 13:04:22+00:00,Woman killed by cattle at County Galway farm https://t.co/oM9kkoo7pW,-0.6705,31,1019206173793378305,0.36,0.64,0.0
@BBCWorld,2018-07-17 12:58:47+00:00,"RT @bbcideas: In celebration of üåç #WorldEmojiDay üéâ: Was the üòä the first emoticon? ü§î

More fun films about symbols ‚úåÔ∏è: https://t.co/kj8U50vu‚Ä¶",0.8622,32,1019204767862677504,0.0,0.73,0.27
@BBCWorld,2018-07-17 12:40:11+00:00,"Africa won the #WorldCup for France, says Venezuela's President Maduro https://t.co/o927nYjIKS https://t.co/z7nno9COnL",0.5719,33,1019200087291985920,0.0,0.748,0.252
@BBCWorld,2018-07-17 12:23:16+00:00,Amsterdam fire chief Leen Schaap 'had death threats from staff' https://t.co/zPNFEf82rC,-0.8442,34,1019195832808169473,0.532,0.468,0.0
@BBCWorld,2018-07-17 12:00:30+00:00,Ryanair flights cancelled over strike action https://t.co/uZn1yGv23w,-0.3612,35,1019190102596227073,0.412,0.588,0.0
@BBCWorld,2018-07-17 11:55:08+00:00,Egypt to regulate popular social media users https://t.co/kPR3DdN0Dw,0.4215,36,1019188749069144064,0.0,0.714,0.286
@BBCWorld,2018-07-17 11:18:02+00:00,Barack Obama to deliver 2018 Nelson Mandela lecture https://t.co/xGaGxu7Pbg,0.0,37,1019179414733623297,0.0,1.0,0.0
@BBCWorld,2018-07-17 11:07:52+00:00,Israel halts fuel deliveries to Gaza over arson attacks https://t.co/HJK4LoUsA5,-0.4404,38,1019176856518610944,0.244,0.756,0.0
@BBCWorld,2018-07-17 11:03:19+00:00,"üòäüåçüí∂‚ìÇÔ∏èüÖæÔ∏èüèë‚ÑπÔ∏èüìÖ
(Happy #WorldEmojiDay)

https://t.co/J72ZLLDOWZ",0.0,39,1019175709275717632,0.0,1.0,0.0
@BBCWorld,2018-07-17 10:55:09+00:00,Trump-Putin: Your toolkit to help understand the story https://t.co/mRUql0WNYL,0.4019,40,1019173657720041472,0.0,0.748,0.252
@BBCWorld,2018-07-17 10:35:44+00:00,RT @BBCMonitoring: Thread: #HelsinkiSummit ‚Äì the view from Russia. https://t.co/148Nr2lFMt,0.0,41,1019168768910680065,0.0,1.0,0.0
@BBCWorld,2018-07-17 10:30:32+00:00,Apple unveils its latest emojis on World Emoji Day https://t.co/ad5iZdbsAm,0.0,42,1019167461923532800,0.0,1.0,0.0
@BBCWorld,2018-07-17 10:22:17+00:00,Pussy Riot: Russia condemned by European rights court https://t.co/1jmWPtck9v,-0.7579,43,1019165386166677504,0.481,0.519,0.0
@BBCWorld,2018-07-17 09:48:28+00:00,Cuba plane crash: Leasing company blames Mexican crew https://t.co/2vr2oV529W,-0.6597,44,1019156873092747264,0.435,0.565,0.0
@BBCWorld,2018-07-17 09:38:16+00:00,"23 hurt as Hawaii tour boat hit by 'lava bomb'

https://t.co/tOu0XA4SsF https://t.co/YvbLlbRbRW",-0.765,45,1019154308003135488,0.398,0.602,0.0
@BBCWorld,2018-07-17 09:27:00+00:00,Kim Jong-un blasts delays in North Korean economic progress https://t.co/bJisllxNcL,0.4215,46,1019151474071306240,0.0,0.763,0.237
@BBCWorld,2018-07-17 09:01:44+00:00,Air disasters timeline https://t.co/xurGYlZWzk,-0.5574,47,1019145113585545217,0.545,0.455,0.0
@BBCWorld,2018-07-17 08:51:42+00:00,Breastfeeding model causes stir on catwalk https://t.co/Mv5cMOvZK6,0.0,48,1019142590195752960,0.0,1.0,0.0
@BBCWorld,2018-07-17 07:40:27+00:00,Mother Teresa India homes in 'baby trade' probe https://t.co/ldWjaL3mkN,0.0,49,1019124657021169664,0.0,1.0,0.0
@BBCWorld,2018-07-17 06:52:51+00:00,Trump-Putin summit: Russian press praise Putin for 'outmanoeuvring' Trump https://t.co/OvsYJ1IFId,0.5574,50,1019112679821250566,0.0,0.714,0.286
@BBCWorld,2018-07-17 06:39:39+00:00,"Cave rescue: Australians to receive honours, PM Turnbull says https://t.co/xYuPwbQsAD",0.7579,51,1019109355759767557,0.0,0.552,0.448
@BBCWorld,2018-07-17 05:27:16+00:00,The search for India's first Olympic medallist https://t.co/LH5bamQPxD,0.0,52,1019091141264924672,0.0,1.0,0.0
@BBCWorld,2018-07-17 04:14:07+00:00,China's most expensive film pulled after opening weekend https://t.co/zqBGNrbdm3,0.0,53,1019072732724695040,0.0,1.0,0.0
@BBCWorld,2018-07-17 01:37:43+00:00,Trump-Putin summit: US president under fire over poll meddling comments https://t.co/nUQAsdSPaO,-0.34,54,1019033374730661888,0.194,0.806,0.0
@BBCWorld,2018-07-17 01:35:26+00:00,Usain Bolt may play football trial in Australia https://t.co/d0n9teiMFu,0.34,55,1019032800454901761,0.0,0.769,0.231
@BBCWorld,2018-07-16 23:27:46+00:00,'Billion dollar ransom': Did Qatar pay record sum? https://t.co/HxlBA9kebQ,-0.1027,56,1019000668739264512,0.149,0.851,0.0
@BBCWorld,2018-07-16 22:44:30+00:00,US nuclear materials stolen last year are still missing https://t.co/D77hbTgzIk,-0.6597,57,1018989783400542208,0.403,0.597,0.0
@BBCWorld,2018-07-16 21:49:15+00:00,"RT @BBCSport: An unusual arrival! 

Diego Maradona has been presented as Dinamo Brest chairman in colourful fashion.

Full story including‚Ä¶",0.0,58,1018975877487579137,0.0,1.0,0.0
@BBCWorld,2018-07-16 21:15:05+00:00,Kilauea volcano: Flying lava injures 13 in Hawaii https://t.co/X3gUoS4KJJ,0.0,59,1018967279093141504,0.0,1.0,0.0
@BBCWorld,2018-07-16 21:03:17+00:00,RT @BBCNews: üéÑüéÑüéÑ https://t.co/ri02D4eTkw,0.0,60,1018964308032540674,0.0,1.0,0.0
@BBCWorld,2018-07-16 20:23:37+00:00,"French fans give #worldcup winners a heroes' welcome

https://t.co/qWNG6JvpGH

#championdumonde2018 https://t.co/NEglTrmRYw",0.8555,61,1018954325182304258,0.0,0.427,0.573
@BBCWorld,2018-07-16 20:11:21+00:00,"RT @BBCSport: What a shot! üòç

11 iconic photos from the #WorldCup: https://t.co/GxLEoWbeWE https://t.co/1525wwC3Gf",0.5093,62,1018951239625854976,0.0,0.82,0.18
@BBCWorld,2018-07-16 19:28:16+00:00,US charge Russian woman with conspiring to act as foreign agent https://t.co/LYvHhple3R,0.0,63,1018940399413547010,0.0,1.0,0.0
@BBCWorld,2018-07-16 19:23:04+00:00,"Trump-Putin summit: After Helsinki, the fallout at home https://t.co/IiRlNBukUn",0.0,64,1018939091080110080,0.0,1.0,0.0
@BBCWorld,2018-07-16 18:57:07+00:00,Police: Woman stabs man after he exposes himself https://t.co/62mfStjNRg,-0.5267,65,1018932559898710019,0.386,0.614,0.0
@BBCWorld,2018-07-16 18:46:31+00:00,Celebrating the life of the boy who wrote his own obituary https://t.co/d7CUalCbWr,0.5719,66,1018929890261962754,0.0,0.748,0.252
@BBCWorld,2018-07-16 17:21:03+00:00,"The handshake ü§ù, the protest üò≤, the football ‚öΩ

Analysis and updates after today's #TrumpPutin meeting‚Ä¶ https://t.co/H1TwGEYOt2",-0.25,67,1018908380994457601,0.105,0.895,0.0
@BBCWorld,2018-07-16 17:18:05+00:00,The Crown: First look at Olivia Colman's new Queen https://t.co/UQC0Qm9nNW,0.0,68,1018907634722902016,0.0,1.0,0.0
@BBCWorld,2018-07-16 16:53:41+00:00,"RT @BBCSport: How do you feel about leaving Real Madrid, Cristiano?

""I'm not sad actually.""

#CR7day presentation LIVE: https://t.co/eP7Zy‚Ä¶",0.3724,69,1018901494182043648,0.0,0.876,0.124
@BBCWorld,2018-07-16 16:48:39+00:00,RT @BBCTech: Amazon Alexa: is it friends with your kids? https://t.co/Gc52mUutDo,0.5859,70,1018900229444300801,0.0,0.652,0.348
@BBCWorld,2018-07-16 16:47:10+00:00,"RT @BBCSport: ‚ÄúUsually players of my age go to China or Qatar.‚Äù üëÄ

The #CR7day presentation has hit the ground running!

Live: https://t.co‚Ä¶",0.0,71,1018899853731123200,0.0,1.0,0.0
@BBCWorld,2018-07-16 16:36:47+00:00,Downward spiral: Nicaragua's worsening crisis https://t.co/9qc0rzGprJ,-0.7964,72,1018897244173619202,0.64,0.36,0.0
@BBCWorld,2018-07-16 16:31:31+00:00,April Tinsley: DNA snares man in Indiana girl's 1988 murder https://t.co/oGvyx2NRgn,-0.6908,73,1018895916638658560,0.32,0.68,0.0
@BBCWorld,2018-07-16 16:23:37+00:00,Egypt military officers get immunity over 2013 crackdown https://t.co/RTo0ksuAFb,0.0,74,1018893930081943553,0.0,1.0,0.0
@BBCWorld,2018-07-16 16:18:43+00:00,Boko Haram in Nigeria: Split emerges over leadership https://t.co/3LFOp5z45J,0.0,75,1018892695971028993,0.0,1.0,0.0
@BBCWorld,2018-07-16 16:11:36+00:00,Helsinki summit: Trump says no reason for Russia to meddle https://t.co/O4nFCPdBkG,-0.296,76,1018890904332062720,0.18,0.82,0.0
@BBCWorld,2018-07-16 15:57:22+00:00,"""The ball is in your court"" - President Putin hands @POTUS a #worldcup ‚öΩ 

Follow #HelsinkiSummit updates:‚Ä¶ https://t.co/0UIHhLITcA",0.0,77,1018887323109347328,0.0,1.0,0.0
@BBCWorld,2018-07-16 15:52:43+00:00,"We agreed to help the people of Syria in a ""humanitarian basis"" - President Trump 

Follow #HelsinkiSummit updates:‚Ä¶ https://t.co/D1g4HBj5bQ",0.5859,78,1018886152663658497,0.0,0.758,0.242
@BBCWorld,2018-07-16 15:44:09+00:00,"""There was no collusion in the campaign""

Donald Trump denies claims of Russian interference in 2016 US election an‚Ä¶ https://t.co/dj2Y9Hv8wq",-0.6124,79,1018883997198192641,0.217,0.783,0.0
@BBCWorld,2018-07-16 15:40:28+00:00,"The US has been ""foolish, I think we've all been foolish, we should have had this dialogue a long time ago"" - Presi‚Ä¶ https://t.co/zncAnx7wRc",-0.2732,80,1018883071838322693,0.095,0.905,0.0
@BBCWorld,2018-07-16 15:35:45+00:00,"""I felt this was a message best delivered in person""

President Trump says he spent a ""great deal of time"" speaking‚Ä¶ https://t.co/RXJPfORSXq",0.8519,81,1018881883390689280,0.0,0.684,0.316
@BBCWorld,2018-07-16 15:29:14+00:00,"Trump-Putin summit  

Follow coverage: https://t.co/rTYHJbyt3q https://t.co/uG0MdmiHrg",0.0,82,1018880242017079300,0.0,1.0,0.0
@BBCWorld,2018-07-16 15:28:39+00:00,"President Trump says US relationship with Russia has changed after talks with President Putin in Helsinki   

Follo‚Ä¶ https://t.co/TvQjXy7OIW",0.0,83,1018880094293512192,0.0,1.0,0.0
@BBCWorld,2018-07-16 15:27:46+00:00,"""The Russian state has never interfered and is not going to interfere in internal American affairs"" - President Put‚Ä¶ https://t.co/VzJiFDTVnp",0.0,84,1018879873786363905,0.0,1.0,0.0
@BBCWorld,2018-07-16 15:25:41+00:00,Frozen in time: Inside Eritrea's embassy https://t.co/M8gtbDBLGg,0.0,85,1018879349943095299,0.0,1.0,0.0
@BBCWorld,2018-07-16 15:23:08+00:00,RT @BBCJonSopel: Deeply productive dialogue says @realDonaldTrump of his talks with #VladimirPutin #TrumpPutinSummit2018,0.0,86,1018878709770661889,0.0,1.0,0.0
@BBCWorld,2018-07-16 15:22:41+00:00,"Trump-Putin summit  

Follow coverage: https://t.co/rTYHJbyt3q https://t.co/YkvDhAK2QP",0.0,87,1018878594695786496,0.0,1.0,0.0
@BBCWorld,2018-07-16 15:21:19+00:00,"Today's negotiations reflected our ""mutual desire"" to improve relations - President Putin on Helsinki talks with Pr‚Ä¶ https://t.co/U3Tk7nm4Mk",0.6808,88,1018878252532678657,0.0,0.728,0.272
@BBCWorld,2018-07-16 15:18:21+00:00,Trump raises $90m for re-election campaign https://t.co/bw8mUi6BIW,0.0,89,1018877502167580672,0.0,1.0,0.0
@BBCWorld,2018-07-16 15:17:26+00:00,RT @BBCSteveR: Just happened. Security removes someone from the hall minutes before the start of the Putin-Trump news conference. https://t‚Ä¶,0.34,90,1018877271782723584,0.0,0.888,0.112
@BBCWorld,2018-07-16 15:17:24+00:00,"Negotiations with President Trump were ""held in an open and candid atmosphere"" - President Putin tells news confere‚Ä¶ https://t.co/rKmhlfkanO",0.0,91,1018877265390649344,0.0,1.0,0.0
@BBCWorld,2018-07-16 15:13:21+00:00,RT @BBCJonSopel: And so we begin. #TrumpPutinSummit https://t.co/7ehvhyyas4,0.0,92,1018876247278080001,0.0,1.0,0.0
@BBCWorld,2018-07-16 15:12:32+00:00,"Protester with banner saying ""nuclear ban treaty"" removed from Trump &amp; Putin news conference in Helsinki

Live cove‚Ä¶ https://t.co/TSqhsSVVzM",-0.5574,93,1018876039668195328,0.167,0.833,0.0
@BBCWorld,2018-07-16 15:07:57+00:00,RT @BBCJonSopel: US Journalist from The Nation  sitting next to me  is being asked to go with secret service before start of news conf. Esc‚Ä¶,0.0,94,1018874887706988545,0.0,1.0,0.0
@BBCWorld,2018-07-16 14:52:31+00:00,Ray Emery: Former NHL goalie dies drowning in Lake Ontario https://t.co/FtaAzRyIG0,0.0,95,1018871001202024448,0.0,1.0,0.0
@BBCWorld,2018-07-16 14:50:44+00:00,"RT @BBCEarth: How could we dedicate #WorldSnakeDay to anything else? üêç

#PlanetEarth2 https://t.co/B4YxSxqmvm",0.0,96,1018870555263623168,0.0,1.0,0.0
@BBCWorld,2018-07-16 14:34:31+00:00,"Follow the latest developments as Trump and Putin meet in Helsinki

https://t.co/9flH1Fz1eG https://t.co/TAsNBFLFjx",0.0,97,1018866473132052480,0.0,1.0,0.0
@BBCWorld,2018-07-16 14:19:41+00:00,France's top honour for World Cup team https://t.co/W77xL7YEjx,0.6705,98,1018862738926440449,0.0,0.522,0.478
@BBCWorld,2018-07-16 14:01:27+00:00,Racially abused German blocked by Facebook for Austria post https://t.co/RcFxhmXnff,-0.6597,99,1018858152467591168,0.403,0.597,0.0
@BBCWorld,2018-07-16 13:40:58+00:00,"RT @BBCSport: 153 ‚û°Ô∏è 28

Serena Williams has returned to the world's top 30 after reaching the #Wimbledon final. 

üëâ https://t.co/0CbhTrKYM‚Ä¶",0.3818,100,1018852994891304962,0.0,0.865,0.135
@CBSNews,2018-07-16 13:29:43+00:00,"CVS apologizes after white manager calls cops on black customer, accusing her of trying to use a phony coupon.‚Ä¶ https://t.co/2Bhe4V5pxZ",0.2023,1,1018850165980090369,0.08,0.802,0.118
@CBSNews,2018-07-16 13:29:42+00:00,"RT @CBSThisMorning: Watch @ReeveWill discuss overcoming such tremendous grief at a young age, pursuing a career in sports journalism and co‚Ä¶",-0.4939,2,1018850163463544832,0.151,0.849,0.0
@CBSNews,2018-07-16 13:14:35+00:00,Jared Kushner's family firm accused of using loud construction to push out tenants https://t.co/JeNM2ZTYOf https://t.co/UzfwR7Tpf1,-0.296,3,1018846355882733568,0.136,0.864,0.0
@CBSNews,2018-07-16 13:14:03+00:00,RT @CBSThisMorning: Online retail giant @Amazon will give Prime members access to more than one million deals over 36 hours including disco‚Ä¶,0.0,4,1018846223019708416,0.0,1.0,0.0
@CBSNews,2018-07-16 12:59:34+00:00,U.S. firm Mercury LLC tried to enlist ambassadors to help Russian company https://t.co/7ChYYkhgcF https://t.co/XsLoRcxftH,0.4019,5,1018842576307343360,0.0,0.828,0.172
@CBSNews,2018-07-16 12:44:41+00:00,"President Trump says DNC ""should be ashamed of themselves"" for getting hacked https://t.co/oYgyTg8srP https://t.co/rOxsg4Cfgf",-0.7003,6,1018838831087439872,0.326,0.674,0.0
@CBSNews,2018-07-16 12:29:53+00:00,What President Trump is up against in negotiations with Russian President Vladimir Putin https://t.co/AgtqHDHqoT https://t.co/jqYXzEoANj,0.0,7,1018835109485645824,0.0,1.0,0.0
@CBSNews,2018-07-16 12:15:02+00:00,"RT @CBSThisMorning: NEW: At the #NATO summit, @ianbremmer's sources say President Trump reportedly told Turkish President Recep Tayyip Erdo‚Ä¶",0.0,8,1018831373019287553,0.0,1.0,0.0
@CBSNews,2018-07-16 12:14:35+00:00,Former President Barack Obama is in Kenya for the first time post-presidency https://t.co/magwm0Kpb2 https://t.co/aw9SqXCN0d,0.0,9,1018831257621458944,0.0,1.0,0.0
@CBSNews,2018-07-16 11:59:41+00:00,"President Trump tells Piers Morgan about his meeting with ""incredible"" queen, revealing slightly more detail than l‚Ä¶ https://t.co/4JvH3IEh5Y",0.0,10,1018827508760940544,0.0,1.0,0.0
@CBSNews,2018-07-16 11:40:50+00:00,".@elizapalmer joins with a look at what it means to negotiate with Putin. ‚ÄúHe‚Äôs a tough guy to read,‚Äù Palmer report‚Ä¶ https://t.co/i8r0RR6ZE7",-0.128,11,1018822763635724288,0.073,0.927,0.0
@CBSNews,2018-07-16 11:38:56+00:00,"President Trump sat down with @CBSEveningNews anchor @JeffGlor ahead of his meeting with Pres. Putin. 
‚ÄúPutin is no‚Ä¶ https://t.co/qy0cxLwObQ",0.0,12,1018822287733161985,0.0,1.0,0.0
@CBSNews,2018-07-16 11:29:30+00:00,"‚ÄúPresident Putin is prepared. He is a trained KGB officer, he knows how negotiations work. And this is an uphill ba‚Ä¶ https://t.co/ESSosBDPmw",0.2263,13,1018819912683409408,0.0,0.913,0.087
@CBSNews,2018-07-16 11:24:24+00:00,We'll have more of the summit in Helsinki on @CBSThisMorning and we'll bring you live coverage on Pres. Trump and P‚Ä¶ https://t.co/fs90QgQ3cp,0.0,14,1018818628156907520,0.0,1.0,0.0
@CBSNews,2018-07-16 11:22:35+00:00,"‚ÄúTalking about the hope for an extraordinary relationship with Russia sets a pretty high bar,‚Äù @MajorCBS reports af‚Ä¶ https://t.co/Xhf1dUlZfg",0.7269,15,1018818172751896576,0.0,0.724,0.276
@CBSNews,2018-07-16 11:21:05+00:00,"""Getting along with Russia is a good thing. The question is, at what cost?"" @elizapalmer reports‚Ä¶ https://t.co/m47wr8wcLs",0.4404,16,1018817794648035328,0.0,0.838,0.162
@CBSNews,2018-07-16 11:17:52+00:00,.@POTUS: I really think the world wants to see us get along. We are the two great nuclear powers. We have 90% of th‚Ä¶ https://t.co/wjFZyxOhRh,0.6249,17,1018816983666778112,0.0,0.849,0.151
@CBSNews,2018-07-16 11:16:42+00:00,"‚ÄúFrankly, we have not been getting along very well for the last number of years. I've not been here too long, it's‚Ä¶ https://t.co/2urx6MueMU",0.4005,18,1018816690002497537,0.0,0.85,0.15
@CBSNews,2018-07-16 11:15:19+00:00,‚ÄúWe have discussions on everything from trade to military to missiles to nuclear to China. We'll be talking a littl‚Ä¶ https://t.co/S7D4Pna9zH,0.0,19,1018816342143664128,0.0,1.0,0.0
@CBSNews,2018-07-16 11:13:15+00:00,"President Trump congratulates Russian President Putin on hosting the World Cup: ""[It was] one of the best ever from‚Ä¶ https://t.co/4Wa1LTtZZK",0.6369,20,1018815823350239232,0.0,0.819,0.181
@CBSNews,2018-07-16 11:11:19+00:00,WATCH: President Trump and President Putin sit down to address the media together ahead of summit‚Ä¶ https://t.co/RT8el587xz,0.0,21,1018815337444278273,0.0,1.0,0.0
@CBSNews,2018-07-16 11:02:18+00:00,"‚ÄúNever before in history has a U.S. president spent time alone with the Russian president. In fact, according to th‚Ä¶ https://t.co/zt0yTBJ3Jl",-0.25,22,1018813065087868928,0.095,0.905,0.0
@CBSNews,2018-07-16 10:59:48+00:00,"WATCH: President Trump and First lady Melania Trump arrive at the presidential palace in Helsinki. ""He was schedule‚Ä¶ https://t.co/OXeTbuMnOL",0.0,23,1018812438446305280,0.0,1.0,0.0
@CBSNews,2018-07-16 10:56:50+00:00,"SPECIAL REPORT: President Trump is meeting face to face with Russian President Vladimir Putin, 3 days after 12 Russ‚Ä¶ https://t.co/m2vxj32RFx",0.5319,24,1018811693235875840,0.0,0.84,0.16
@CBSNews,2018-07-16 10:50:28+00:00,RT @CBSThisMorning: WATCH: A preview of what's ahead on @CBSThisMorning: https://t.co/wF3KsKlDET,0.0,25,1018810090915270656,0.0,1.0,0.0
@CBSNews,2018-07-16 10:11:38+00:00,"WATCH: President Putin arrives in Helsinki, Finland, slightly behind schedule for today's summit with President Tru‚Ä¶ https://t.co/oKyGTcIfeg",0.0,26,1018800314542063616,0.0,1.0,0.0
@CBSNews,2018-07-16 10:05:50+00:00,We are moments away from the highly-watched meeting between President Trump and Russian President Putin at the Finn‚Ä¶ https://t.co/P0ZrFyMFJV,0.0,27,1018798858950840320,0.0,1.0,0.0
@CBSNews,2018-07-16 10:03:42+00:00,"Ahead of summit with President Vladimir Putin, @POTUS tweeted: ""Our relationship with Russia has NEVER been worse t‚Ä¶ https://t.co/bLBFwcrHfp",0.3724,28,1018798320637153280,0.0,0.876,0.124
@CBSNews,2018-07-16 10:03:03+00:00,History of U.S. Presidents meeting the Queen https://t.co/oBYlDZYIBV https://t.co/FmCYQwRm3W,0.0,29,1018798155557687296,0.0,1.0,0.0
@CBSNews,2018-07-16 09:59:56+00:00,Commentary: Welcome to McCarthyism 2.0 https://t.co/ywJT5zsYkM https://t.co/iUtWIwW91d,0.4588,30,1018797372816666625,0.0,0.667,0.333
@CBSNews,2018-07-16 09:54:05+00:00,Amazon Prime Day vs Black Friday: 1 out of 3 items cost more https://t.co/OxbCLNgdHW https://t.co/xR7PSkbLpF,0.1779,31,1018795897981952001,0.0,0.876,0.124
@CBSNews,2018-07-16 09:48:04+00:00,Soccer finally scores in the U.S. https://t.co/NyuLIscP6Z https://t.co/fUG1QqfiaF,0.0,32,1018794384270200832,0.0,1.0,0.0
@CBSNews,2018-07-16 09:45:55+00:00,WATCH: CBS News will have special coverage of the Helsinki summit between President Trump and President Putin. Watc‚Ä¶ https://t.co/QyWy3FwLJN,0.4019,33,1018793843284762625,0.0,0.87,0.13
@CBSNews,2018-07-16 09:39:44+00:00,Trump-Putin meeting: @CBSThisMorning co-anchor @NorahODonnell reports that the tone being pushed by President Trump‚Ä¶ https://t.co/IDylw1NdBP,0.0,34,1018792288212877313,0.0,1.0,0.0
@CBSNews,2018-07-16 09:33:03+00:00,Meal delivery apps changing dining industry? https://t.co/M13P48K3NQ https://t.co/JH9hrNR7Cp,0.0,35,1018790607207190528,0.0,1.0,0.0
@CBSNews,2018-07-16 09:24:02+00:00,"All eyes on Helsinki as Trump, Putin prepare to meet  -- live updates https://t.co/bhekJyzQ18 https://t.co/CjgusiKPTw",0.0,36,1018788336000004097,0.0,1.0,0.0
@CBSNews,2018-07-16 09:18:04+00:00,Chicago police clash with angry residents after deadly shooting https://t.co/yaVT9CONg0 https://t.co/R15B8K3MOc,-0.5106,37,1018786834531397632,0.248,0.752,0.0
@CBSNews,2018-07-16 09:16:06+00:00,Barack Obama in Kenya for 1st time post-presidency https://t.co/P6Lpso3NtP https://t.co/Q6zf9MgAgT,0.0,38,1018786341100965889,0.0,1.0,0.0
@CBSNews,2018-07-16 09:10:34+00:00,"Wildfire could become ""major threat"" to Yosemite, scientist says https://t.co/qMA6bWky3B https://t.co/kSlKvBV1jd",-0.5267,39,1018784950240399361,0.254,0.746,0.0
@CBSNews,2018-07-16 09:03:03+00:00,"ISIS claimed responsibililty after a suicide bomb killed 132 people in Balochistand, Pakistan‚Ä¶ https://t.co/6wQyVMUL7P",-0.9217,40,1018783058806431744,0.55,0.45,0.0
@CBSNews,2018-07-16 08:48:05+00:00,"Weymouth cop, woman shot dead by suspect who allegedly took officer's gun https://t.co/gReZoU6lKs https://t.co/11n1Ry0Ylt",-0.836,41,1018779288856940544,0.447,0.553,0.0
@CBSNews,2018-07-16 08:41:45+00:00,"Jaguar escapes, kills 6 animals at New Orleans zoo https://t.co/eHLUiYw2yI https://t.co/q086pawuz4",-0.4588,42,1018777696568999936,0.269,0.615,0.115
@CBSNews,2018-07-16 08:32:05+00:00,"Elon Musk calls caver who helped in Thailand rescue a ""pedo"" https://t.co/ixkgeaVy3J https://t.co/r8XSQHJl3F",0.5106,43,1018775262706700288,0.0,0.769,0.231
@CBSNews,2018-07-16 08:18:04+00:00,New film portrays social media as the scourge of adolescence https://t.co/NyM1rbACr4 https://t.co/835z1wzmW4,0.0,44,1018771738350510080,0.0,1.0,0.0
@CBSNews,2018-07-16 08:03:04+00:00,Pres. Trump faces pressure from both sides of the aisle on how to approach the summit with Vladimir Putin‚Ä¶ https://t.co/ys5Sdy0yzK,-0.296,45,1018767962684231680,0.104,0.896,0.0
@CBSNews,2018-07-16 07:48:04+00:00,The art of globe making https://t.co/eilLN1W9NJ https://t.co/zvBQGgLd3k,0.0,46,1018764186753650688,0.0,1.0,0.0
@CBSNews,2018-07-16 07:33:04+00:00,A look at the history of 'The Killers' https://t.co/E0j2nK08dh https://t.co/IGoCF6yT7z,-0.6486,47,1018760410856648704,0.35,0.65,0.0
@CBSNews,2018-07-16 07:18:03+00:00,Passage: Tab Hunter and Nancy Sinatra https://t.co/fXPhZdyXWs https://t.co/SHWjq3DeRK,0.0,48,1018756633877532672,0.0,1.0,0.0
@CBSNews,2018-07-16 07:03:03+00:00,Serena Williams loses Wimbledon tennis final https://t.co/YOXlQlh4jN https://t.co/32ahH838HS,-0.3182,49,1018752858869698560,0.247,0.753,0.0
@CBSNews,2018-07-16 06:48:03+00:00,Almanac: The Gianni Versace murder https://t.co/6AE2H7F5W3 https://t.co/CGkzzI87XZ,-0.6908,50,1018749083350126592,0.439,0.561,0.0
@CBSNews,2018-07-16 06:33:03+00:00,New film explores generation of smart phone users known as 'iGen' https://t.co/575mg96sDn https://t.co/fK6BZzkAaQ,0.4019,51,1018745308522713088,0.0,0.816,0.184
@CBSNews,2018-07-16 06:18:05+00:00,"John Cynn claims World Series of Poker title, winning $8.8 million https://t.co/w4NU4j3hmg https://t.co/r6dzX245tB",0.5267,52,1018741541425344512,0.0,0.779,0.221
@CBSNews,2018-07-16 06:03:03+00:00,Janine Booth's recipes for Southern comfort https://t.co/WavgiDsgzi https://t.co/CiJpYzco64,0.3612,53,1018737758850953217,0.0,0.737,0.263
@CBSNews,2018-07-16 05:56:07+00:00,Woman survives a week after driving off California cliff https://t.co/A2Ys9LOvA9 https://t.co/jwf0UqX13s,0.0,54,1018736012170756097,0.0,1.0,0.0
@CBSNews,2018-07-16 05:48:03+00:00,CBS News' Jeff Glor interviews President Trump in Scotland ahead of Putin meeting https://t.co/HhZVMjc8hv https://t.co/9hSPYMlStc,0.0,55,1018733983406940160,0.0,1.0,0.0
@CBSNews,2018-07-16 05:33:04+00:00,Western allies plan White Helmets evacuation from Syria https://t.co/1D0IVoe2t3 https://t.co/yzXxurdRIh,0.0,56,1018730212186640384,0.0,1.0,0.0
@CBSNews,2018-07-16 05:18:03+00:00,"Novak Djokovic wins 4th fourth Wimbledon champion, 13th career major https://t.co/wd0Am6T31O https://t.co/MT96H7axOr",0.8225,57,1018726435803025408,0.0,0.568,0.432
@CBSNews,2018-07-16 05:03:03+00:00,Nature up close: What's in a number? https://t.co/1sbqG5BUFx https://t.co/4T42pao6os,0.0772,58,1018722657850855424,0.0,0.843,0.157
@CBSNews,2018-07-16 04:48:03+00:00,Chicago police clash with angry residents after deadly shooting https://t.co/HfNWlH1if0 https://t.co/EU2PFxgvDb,-0.5106,59,1018718884797599754,0.248,0.752,0.0
@CBSNews,2018-07-16 04:33:04+00:00,Trump gets mixed reception during Scotland visit https://t.co/d5TohxkuWW https://t.co/2Hez306XJe,0.0,60,1018715113971441664,0.0,1.0,0.0
@CBSNews,2018-07-16 04:18:04+00:00,"Weymouth cop, woman shot dead by suspect who allegedly took officer's gun https://t.co/XxeTjMbWxd https://t.co/aOzSLMtEQ5",-0.836,61,1018711338665857025,0.447,0.553,0.0
@CBSNews,2018-07-16 04:03:53+00:00,Thai soccer team mourns former Navy SEAL who died during rescue mission https://t.co/tGw96IsqDD https://t.co/elvXY5NKAV,-0.5719,62,1018707768373600256,0.329,0.516,0.155
@CBSNews,2018-07-16 04:03:04+00:00,Spectacle or substance? World awaits details from Trump-Putin summit https://t.co/jL6RVbFcwU https://t.co/d4Zmcz1hFA,0.0772,63,1018707563150565377,0.0,0.885,0.115
@CBSNews,2018-07-16 03:48:03+00:00,New film portrays social media as the scourge of adolescence https://t.co/k4DUfwC2le https://t.co/WzMkwTv8nT,0.0,64,1018703786053963776,0.0,1.0,0.0
@CBSNews,2018-07-16 03:42:24+00:00,"Full transcript: ""Face the Nation"" on July 15, 2018 https://t.co/z8votj1sTm https://t.co/EnHrnWnmAU",0.0,65,1018702361282465792,0.0,1.0,0.0
@CBSNews,2018-07-16 03:32:04+00:00,CVS apologizes after white manager calls cops on black customer https://t.co/Mu8KqYYXus https://t.co/hExwhZu62B,0.3612,66,1018699762005086208,0.0,0.815,0.185
@CBSNews,2018-07-16 03:18:03+00:00,The art of globe making https://t.co/UQ5HN1Uu5x https://t.co/nbbC6q5WnG,0.0,67,1018696236344512513,0.0,1.0,0.0
@CBSNews,2018-07-16 03:14:34+00:00,"""This is definitely one of the worst accidents I've seen in my career"": Bus crash on New Mexico highway leaves 3 de‚Ä¶ https://t.co/WKM7qrFHHg",-0.7506,68,1018695356748632064,0.305,0.604,0.091
@CBSNews,2018-07-16 02:59:43+00:00,Does that leaf look familiar?: Pranksters plant marijuana in city's flower pots and city workers have been watering‚Ä¶ https://t.co/hB8bGuDys7,0.0,69,1018691619044945920,0.0,1.0,0.0
@CBSNews,2018-07-16 02:44:39+00:00,Pussy Riot charged after on-field protest delays World Cup Final https://t.co/bNKMUXwGbD https://t.co/LnVdsfOe0X,-0.7506,70,1018687827662589952,0.451,0.549,0.0
@CBSNews,2018-07-16 02:25:01+00:00,"A Florida family was watching a dog while its owner was on vacation. Then, it attacked their 6-year-old daughter, l‚Ä¶ https://t.co/dTVxWRqS8c",-0.4588,71,1018682888504651777,0.143,0.857,0.0
@CBSNews,2018-07-16 02:04:52+00:00,Wildfire shuts down key route to Yosemite National Park https://t.co/NlpADxhTJ3 https://t.co/zDeQi7bMom,0.0,72,1018677817943429120,0.0,1.0,0.0
@CBSNews,2018-07-16 01:47:32+00:00,"""I think I would prefer to be the first Alma than to be the second Mozart"": For musical prodigy Alma Deutscher, mak‚Ä¶ https://t.co/o3bodPfnSh",0.0,73,1018673454822952960,0.0,1.0,0.0
@CBSNews,2018-07-16 01:24:51+00:00,"Seaweed, something often thought of as a nuisance, may just be a new source of food, jobs and cleaner ocean waters.‚Ä¶ https://t.co/hCZLum6mME",0.1779,74,1018667748082307074,0.0,0.918,0.082
@CBSNews,2018-07-16 01:04:31+00:00,The Killers' Brandon Flowers: Swagger and faith https://t.co/9gQtGq6NJ0 https://t.co/UeLTprgePL,-0.3612,75,1018662628107997184,0.305,0.496,0.199
@CBSNews,2018-07-16 00:44:38+00:00,"""Eighth Grade"" star Elsie Fisher: Social media has ""made me more anxious"" https://t.co/BjOWGCHxiJ https://t.co/Lvs7s7XZ5e",-0.3167,76,1018657627981656064,0.15,0.85,0.0
@CBSNews,2018-07-16 00:24:50+00:00,60 Minutes: The history and future of Confederate monuments https://t.co/q8od2YiOjm https://t.co/Bw8dEpkkUq,0.0,77,1018652643928002561,0.0,1.0,0.0
@CBSNews,2018-07-16 00:04:41+00:00,Chicago police release video of deadly shooting amid violent protests in the city https://t.co/HLG1I3oMmd https://t.co/BLkDMKX2Y6,-0.7003,78,1018647571819089922,0.309,0.691,0.0
@CBSNews,2018-07-15 23:44:56+00:00,Former NHL goalie Ray Emery drowns in his hometown https://t.co/PtBwvgobcv https://t.co/J11Uh8ZFDp,-0.4939,79,1018642602759946240,0.242,0.758,0.0
@CBSNews,2018-07-15 23:25:01+00:00,Suspect in shooting of 3 Kansas City cops dies in standoff Sunday https://t.co/7pgS3EX3NL https://t.co/1DGSvLLUBw,-0.296,80,1018637590893940736,0.155,0.845,0.0
@CBSNews,2018-07-15 23:05:02+00:00,Russian feminist protest group Pussy Riot halts the World Cup Final by running onto the field in police uniforms in‚Ä¶ https://t.co/0uemgpbdXT,-0.6808,81,1018632561596256257,0.228,0.772,0.0
@CBSNews,2018-07-15 22:44:37+00:00,A Massachusetts police officer and bystander have died from wounds sustained when a suspect allegedly took the offi‚Ä¶ https://t.co/KZSgFjL9Fp,-0.7003,82,1018627423032823809,0.279,0.721,0.0
@CBSNews,2018-07-15 22:25:03+00:00,"""Tell us where we can pick up the 25 Russians that tried to interfere with the fundamentals of our democracy"": Sen.‚Ä¶ https://t.co/SEt1j8c4SL",0.0,83,1018622500123574272,0.0,1.0,0.0
@CBSNews,2018-07-15 22:04:47+00:00,"With rising global populations and limited space to expand agriculture on land, fishermen, scientists and foodies a‚Ä¶ https://t.co/Im8usqtG2A",0.1027,84,1018617397832507393,0.094,0.792,0.114
@CBSNews,2018-07-15 21:44:48+00:00,President Trump's one-on-one meeting with Russian President Vladimir Putin is scheduled to last about a half hour.‚Ä¶ https://t.co/ICB31hOOwC,0.0,85,1018612371160477700,0.0,1.0,0.0
@CBSNews,2018-07-15 21:24:34+00:00,"Former NHL goaltender Ray Emery has drowned in his hometown of Hamilton, Ontario https://t.co/Hrm7xJ7hND https://t.co/i1FqbbbxRH",-0.5994,86,1018607275987136512,0.218,0.782,0.0
@CBSNews,2018-07-15 21:04:48+00:00,"Tonight, a 13-year-old musical prodigy whose talent is so immense it seems she was born with it. @scottpelley repor‚Ä¶ https://t.co/0Etv8FQdpv",0.4215,87,1018602304767954945,0.0,0.865,0.135
@CBSNews,2018-07-15 20:44:34+00:00,"Brandon Flowers refers to himself as a ""glorified Elvis impersonator."" The Killers' latest album blends the glitz a‚Ä¶ https://t.co/yQWgJaELrq",-0.25,88,1018597211486253058,0.182,0.678,0.14
@CBSNews,2018-07-15 20:34:35+00:00,A woman who vanished last week in California has been found after her Jeep went over a cliff near Big Sur‚Ä¶ https://t.co/dblmJJqD6N,0.0,89,1018594700578705408,0.0,1.0,0.0
@CBSNews,2018-07-15 20:25:13+00:00,CONGRATS FRANCE! Fans are celebrating the team's second title after defeating Croatia in the #WorldCupFinal.‚Ä¶ https://t.co/Lfqof589Jm,0.7597,90,1018592342138290179,0.11,0.548,0.342
@CBSNews,2018-07-15 20:04:50+00:00,"Tonight on @60Minutes, former New Orleans mayor Mitch Landrieu tells Anderson Cooper why he feels monuments to the‚Ä¶ https://t.co/vEmBz9Vgcl",0.0,91,1018587210747207680,0.0,1.0,0.0
@CBSNews,2018-07-15 19:44:35+00:00,"More than 30 Ryanair passengers were taken to the hospital, some with bleeding in their ears after their plane lost‚Ä¶ https://t.co/QmQqFX6NTQ",0.0,92,1018582117662502912,0.0,1.0,0.0
@CBSNews,2018-07-15 19:24:39+00:00,Jennifer Garner talks about her all-natural baby food company and the un-natural influence of the tabloid press (vi‚Ä¶ https://t.co/B4DW9SPL1q,0.0,93,1018577101472043010,0.0,1.0,0.0
@CBSNews,2018-07-15 19:04:54+00:00,"Three people dead, 22 injured in crash involving a passenger bus and three other vehicles on a highway in New Mexic‚Ä¶ https://t.co/JNCie0dQTb",-0.8658,94,1018572131037261826,0.363,0.637,0.0
@CBSNews,2018-07-15 18:44:52+00:00,Body camera video shows Georgia officers laughing as they use a coin-flip app to decide whether to detain a woman d‚Ä¶ https://t.co/i2JDsu5ETP,0.1027,95,1018567088745648129,0.117,0.75,0.133
@CBSNews,2018-07-15 18:30:49+00:00,"@CBSNews For Rep. Gowdy‚Äôs full interview on @FaceTheNation, visit this link: https://t.co/avoXDdIiug",0.0,96,1018563551663935489,0.0,1.0,0.0
@CBSNews,2018-07-15 18:25:00+00:00,"""The loss, I have to take the responsibility for that."" @repjoecrowley reflects on stunning loss to political newco‚Ä¶ https://t.co/vjRg7IRmbD",-0.25,97,1018562089013710853,0.207,0.676,0.117
@CBSNews,2018-07-15 18:09:46+00:00,NOW: President Trump arrives in Helsinki to meet with Russian President Vladimir Putin https://t.co/gwDuxMagwA https://t.co/sVcOVQxfG5,0.0,98,1018558255423991809,0.0,1.0,0.0
@CBSNews,2018-07-15 18:05:42+00:00,Finland's place as a European nation bordering Russia makes it a historic meeting place for the East and the West.‚Ä¶ https://t.co/mx4fjn9RQ0,0.0,99,1018557233129500672,0.0,1.0,0.0
@CBSNews,2018-07-15 17:44:40+00:00,"Rep. Cornyn (R-TX) says President Trump appears to be ""conflating"" probe into Russian meddling with investigation o‚Ä¶ https://t.co/xykoz0QPz5",0.0,100,1018551936776310789,0.0,1.0,0.0
@CNN,2018-07-15 17:30:14+00:00,Serena Williams sends a message to mothers after Wimbledon loss https://t.co/A2GS0uB9QD https://t.co/FJC0APJUuZ,-0.3182,1,1018548307143090176,0.187,0.813,0.0
@CNN,2018-07-15 17:15:07+00:00,Why President Trump is the distraction Russian President Vladimir Putin needs https://t.co/sZ84yjZi9P | Analysis by‚Ä¶ https://t.co/T8UD95PCx0,-0.3818,2,1018544501600804865,0.157,0.843,0.0
@CNN,2018-07-15 17:00:07+00:00,France wins the World Cup for the second time ‚Äî overcoming Croatia in the highest-scoring final since 1966‚Ä¶ https://t.co/8YXlU5mVBz,0.5719,3,1018540726286782469,0.0,0.821,0.179
@CNN,2018-07-15 16:45:07+00:00,Why Kenyans are supporting Croatia in the World Cup final https://t.co/Q4oSqU1Vuu https://t.co/xCWF1nYhTM,0.4404,4,1018536953459953664,0.0,0.791,0.209
@CNN,2018-07-15 16:30:15+00:00,Two killed in Nicaragua during attack on university and church https://t.co/PaYVsdm9KS https://t.co/SwlWMkstou,-0.8225,5,1018533209703936002,0.432,0.568,0.0
@CNN,2018-07-15 16:15:05+00:00,"President Trump named the European Union, Russia and China as foes to the US, saying the EU has ""taken advantage of‚Ä¶ https://t.co/4oulaFDK1l",-0.25,6,1018529393222782976,0.12,0.8,0.08
@CNN,2018-07-15 16:00:07+00:00,A federal judge has blasted a declaration from a senior official at the Department of Health and Human Services who‚Ä¶ https://t.co/b3x294IZlX,0.0,7,1018525628985901056,0.0,1.0,0.0
@CNN,2018-07-15 15:45:04+00:00,"Plagued by injury in recent years, Novak Djokovic cruised to his fourth Wimbledon title after defeating Kevin Ander‚Ä¶ https://t.co/J0escZAiLM",-0.6597,8,1018521841638535169,0.241,0.759,0.0
@CNN,2018-07-15 15:30:11+00:00,"Why Google built an artificial intelligence lab in Accra, Ghana https://t.co/PpsPZbGGzK https://t.co/O89bbVpR7m",0.4767,9,1018518095244099589,0.0,0.78,0.22
@CNN,2018-07-15 15:23:46+00:00,Will Uber's CEO still be able to save the brand's image? https://t.co/j0XtnyTXiA https://t.co/3krHUSBgw9,0.4939,10,1018516479006867456,0.0,0.789,0.211
@CNN,2018-07-15 15:00:12+00:00,How do you remember the legacy of President George W. Bush? See how the challenges he faced defined a decade in a n‚Ä¶ https://t.co/erBUPxttCA,0.0772,11,1018510550588936192,0.0,0.942,0.058
@CNN,2018-07-15 14:30:13+00:00,"From the biggest street art party in Hong Kong to a community art tour, here are six Instagrammable ways to enjoy H‚Ä¶ https://t.co/o5cQhyMSbh",0.7096,12,1018503005321224194,0.0,0.772,0.228
@CNN,2018-07-15 14:02:56+00:00,RT @CNNPolitics: CNN‚Äôs Jake Tapper explains that State of the Union invited and confirmed national security adviser John Bolton to come on‚Ä¶,0.34,13,1018496139056832512,0.0,0.897,0.103
@CNN,2018-07-15 14:01:07+00:00,"A rare flood of desert rain has transformed a lake in Australia from an arid, salty basin to a spectacular, watery‚Ä¶ https://t.co/XIwMrwYDRI",0.0,14,1018495679579160577,0.0,1.0,0.0
@CNN,2018-07-15 13:31:00+00:00,It's not always easy going green. Starbucks and Nestl√© customers embraced the brands' moves to environmentally-frie‚Ä¶ https://t.co/esLhD2m3O2,-0.3412,15,1018488100325031937,0.131,0.869,0.0
@CNN,2018-07-15 13:08:47+00:00,"Rep. Adam Schiff explains why he's calling for the Trump-Putin summit to be canceled: ""We don't need to ask Putin w‚Ä¶ https://t.co/BJMF86EU5T",0.0,16,1018482510488010752,0.0,1.0,0.0
@CNN,2018-07-15 13:01:08+00:00,A Florida man had a heart attack while laying sod in his front yard to avoid getting a fine from his homeowner's as‚Ä¶ https://t.co/OViiP8HzGJ,-0.5423,17,1018480583192825856,0.211,0.717,0.072
@CNN,2018-07-15 12:31:00+00:00,Starbucks is going strawless. The coffee company announced Monday that it will phase out plastic straws from all of‚Ä¶ https://t.co/4PnjN5f34l,0.0,18,1018473001111773184,0.0,1.0,0.0
@CNN,2018-07-15 12:01:05+00:00,"A flight from Hong Kong to the Chinese mainland suddenly lost air pressure and dropped nearly 20,000 feet because t‚Ä¶ https://t.co/BBsCczJSWb",-0.5423,19,1018465473510375426,0.2,0.8,0.0
@CNN,2018-07-15 11:31:00+00:00,A rescue organization in the Turks and Caicos Islands finds good homes for stray potcake puppies -- and allows tour‚Ä¶ https://t.co/GAOMaokzQl,0.7351,20,1018457901151629312,0.0,0.744,0.256
@CNN,2018-07-15 11:01:47+00:00,"Hawaii has become the first state in the US to ban the sale of sunscreens that can harm coral reefs. Banana Boat, C‚Ä¶ https://t.co/eAWmWt80j4",-0.7964,21,1018450547643441152,0.244,0.756,0.0
@CNN,2018-07-15 10:31:00+00:00,There is now only one Blockbuster store left in the United States https://t.co/eVtGl3oeEq https://t.co/3txr2d7UAq,0.7717,22,1018442802273964033,0.0,0.642,0.358
@CNN,2018-07-15 10:01:42+00:00,A French bulldog named Darcy was given an oxygen mask on a JetBlue flight after showing signs of distress. Darcy's‚Ä¶ https://t.co/l2X1AgX158,-0.5267,23,1018435428372893696,0.159,0.841,0.0
@CNN,2018-07-15 09:31:00+00:00,"Build-A-Bear was forced to turn customers away after an onslaught of people came to take advantage of its ""pay your‚Ä¶ https://t.co/mR7je3dMgD",-0.34,24,1018427702137839616,0.18,0.738,0.082
@CNN,2018-07-15 09:00:05+00:00,"Democrats are releasing way more polls than Republicans. Here's what that could mean. https://t.co/50z1LGik2t | 
An‚Ä¶ https://t.co/n5VcrRBw06",0.0,25,1018419922202955776,0.0,1.0,0.0
@CNN,2018-07-15 08:31:00+00:00,The first underwater museum in the United States has opened off the coast of northwest Florida‚Ä¶ https://t.co/SKiVeXW9mo,0.4215,26,1018412602467074049,0.0,0.851,0.149
@CNN,2018-07-15 08:00:05+00:00,Twitter suspends 2 accounts linked to Russian intelligence after hacking indictment https://t.co/wHdsGD7mig https://t.co/QEJtP2DHiR,0.4767,27,1018404824222662658,0.0,0.78,0.22
@CNN,2018-07-15 07:31:00+00:00,"For the first time, scientists have been able to trace the origins of a ghostly subatomic particle that traveled 3.‚Ä¶ https://t.co/PmnXztGKBg",0.0,28,1018397503132176385,0.0,1.0,0.0
@CNN,2018-07-15 07:00:08+00:00,Georgia woman arrested after cop appears to use coin flip app https://t.co/4yXyMQeLuK https://t.co/Q6w6m88yJx,-0.4767,29,1018389738116583424,0.205,0.795,0.0
@CNN,2018-07-15 06:31:00+00:00,"Stitch Fix is tapping into the children's apparel market, launching subscription boxes with sizes 2T to 14. Founder‚Ä¶ https://t.co/ByTYP3Cl3n",0.0,30,1018382403746828293,0.0,1.0,0.0
@CNN,2018-07-15 06:00:07+00:00,"Democratic Rep. Joyce Beatty dances to Drake's ""In My Feelings"" to promote millennial voting https://t.co/LkF2rbZ8Lm https://t.co/ggWr7B6m7j",0.3818,31,1018374631177244672,0.0,0.852,0.148
@CNN,2018-07-15 05:31:00+00:00,"Meet Care-E, the automated airport assistant that scans a boarding pass, carries luggage and guides passengers to t‚Ä¶ https://t.co/E9ZgNpC9nc",0.0,32,1018367304134942721,0.0,1.0,0.0
@CNN,2018-07-15 05:18:14+00:00,Protesters chanted and threw rocks at Chicago police after an officer shot and killed a man in the city's South Sid‚Ä¶ https://t.co/LdeQEteIPM,-0.7506,33,1018364092426391552,0.252,0.748,0.0
@CNN,2018-07-15 05:00:09+00:00,How innovation helped save Detroit https://t.co/wb4xo6rauh https://t.co/ksAK3i5brH,0.7003,34,1018359540243402752,0.0,0.463,0.537
@CNN,2018-07-15 04:31:00+00:00,These giant avocados are growing in Australia. Some have been known to weigh up to four pounds and are about five t‚Ä¶ https://t.co/S2bC3f2grk,0.1779,35,1018352204669784064,0.0,0.928,0.072
@CNN,2018-07-15 04:00:20+00:00,Jean-Eric Vergne clinches Formula E title for France on Bastille Day https://t.co/pWLjjyntLm https://t.co/GcB98VZj4x,0.0,36,1018344486160814080,0.0,1.0,0.0
@CNN,2018-07-15 03:30:10+00:00,The Trumps are spending the weekend at the President's golf resort in Scotland as UK protests continue‚Ä¶ https://t.co/zKBcnxR6J0,-0.2263,37,1018336895540105218,0.101,0.899,0.0
@CNN,2018-07-15 03:00:14+00:00,"Sandra Oh's Emmy nomination represents a new wave in Hollywood, writes Jeff Yang for @CNNOpinion‚Ä¶ https://t.co/Uz55Lf7SlH",0.0,38,1018329363446681601,0.0,1.0,0.0
@CNN,2018-07-15 02:30:04+00:00,Where is President Trump's Emmy nomination? https://t.co/mtWdel049f (via @CNNOpinion) https://t.co/y0VkQar9vs,0.0,39,1018321771706056704,0.0,1.0,0.0
@CNN,2018-07-15 02:00:05+00:00,Homeland Security Secretary Kirstjen Nielsen warns state officials that the threat from Russia targeting US electio‚Ä¶ https://t.co/fnjed90PF5,-0.34,40,1018314225989685248,0.226,0.66,0.113
@CNN,2018-07-15 01:30:17+00:00,What do you remember about the time of 9/11? See how George W. Bush harnessed the mood of the nation in #2000sCNN t‚Ä¶ https://t.co/j2lYKLwaKQ,0.0,41,1018306727861800960,0.0,1.0,0.0
@CNN,2018-07-15 01:00:08+00:00,"NY Gov. Andrew Cuomo calls the Trump administration's spending to detain immigrant children ""shocking and irrespons‚Ä¶ https://t.co/l8Y8t1VLwo",-0.6705,42,1018299137975029761,0.268,0.732,0.0
@CNN,2018-07-15 00:30:12+00:00,"From the Supreme Court to Russian indictments, relive this week in politics https://t.co/fFYGdL1CJW https://t.co/rCRbcCSdDx",0.5574,43,1018291606745739266,0.0,0.783,0.217
@CNN,2018-07-15 00:00:04+00:00,Police departments across the country participate in the latest lip sync challenge https://t.co/R91Sp68qJU https://t.co/etNx934TMu,0.0772,44,1018284024777924610,0.0,0.909,0.091
@CNN,2018-07-14 23:30:08+00:00,"It used to be mindless entertainment. Now, reality television is a dominant force in American politics. How did tha‚Ä¶ https://t.co/inyX7hocjS",-0.0258,45,1018276491015196673,0.128,0.749,0.123
@CNN,2018-07-14 23:00:05+00:00,"Gay men, adulterers publicly flogged in Indonesia https://t.co/7iV8SqScm7 https://t.co/y2ApR0iSoR",0.0,46,1018268927246422021,0.0,1.0,0.0
@CNN,2018-07-14 22:30:07+00:00,Man posing as rideshare driver accused of serial rape in San Francisco https://t.co/a5ZsgQyyBB https://t.co/VshWiUq3cu,-0.7845,47,1018261384767922178,0.365,0.635,0.0
@CNN,2018-07-14 22:15:57+00:00,Haiti's Prime Minister resigns amid violent and deadly protests sparked by a proposed plan to raise fuel prices‚Ä¶ https://t.co/sUgt4m3jvl,-0.7964,48,1018257818946850816,0.351,0.649,0.0
@CNN,2018-07-14 22:00:27+00:00,Los Angeles Mayor Eric Garcetti says the Trump administration created its own immigration problems by enacting a so‚Ä¶ https://t.co/rx5m03cK0T,-0.1779,49,1018253920328671233,0.13,0.773,0.097
@CNN,2018-07-14 21:45:05+00:00,A UK court ruling could catapult this 30-year-old from Iraq back to a life of fear and persecution‚Ä¶ https://t.co/tEoJMvS4B4,-0.4939,50,1018250052035399686,0.167,0.833,0.0
@CNN,2018-07-14 21:30:12+00:00,Woman survives 7 days after SUV plunges off cliff in Big Sur https://t.co/RDcbCUbk5f https://t.co/LkhIi8regP,0.0,51,1018246307142684672,0.0,1.0,0.0
@CNN,2018-07-14 21:15:04+00:00,"Microsoft wants regulation of facial recognition technology to limit ""abuse"" https://t.co/yrZtyqQjay https://t.co/culUmiMr8T",0.0,52,1018242500304232450,0.0,1.0,0.0
@CNN,2018-07-14 21:00:03+00:00,Have you ever noticed a large concrete arrow in your travels across America? They point the way to an intriguing us‚Ä¶ https://t.co/e9ldIc2EyE,0.0,53,1018238719323754497,0.0,1.0,0.0
@CNN,2018-07-14 20:45:06+00:00,Russian President Vladimir Putin looms for President Trump after reality-bending visit with US allies‚Ä¶ https://t.co/VBK1cCMRVK,-0.1531,54,1018234956395499520,0.103,0.897,0.0
@CNN,2018-07-14 20:30:09+00:00,"McDonald's pulls salads from 3,000 restaurants after parasite sickens dozens https://t.co/ZCsfrNPFHV https://t.co/GJbNdy1nf7",-0.4588,55,1018231195799379969,0.214,0.786,0.0
@CNN,2018-07-14 20:15:05+00:00,"Here's CNN's weekly roundup of the news, notes and chatter about the prospects for the next Democratic presidential‚Ä¶ https://t.co/jhP4I1C2En",0.296,56,1018227403968122880,0.0,0.891,0.109
@CNN,2018-07-14 20:00:13+00:00,Impact of Attorney General Jeff Sessions' asylum move already felt at border https://t.co/5AKQyaPG98 https://t.co/FJeN4bNPub,0.0,57,1018223661151596546,0.0,1.0,0.0
@CNN,2018-07-14 19:45:06+00:00,This video game could generate a new type of World Cup next year https://t.co/gji26lhVZa https://t.co/Bhcrmb81I8,0.0,58,1018219857068912641,0.0,1.0,0.0
@CNN,2018-07-14 19:30:12+00:00,"Jaguar escapes enclosure at Audubon Zoo in New Orleans and kills 4 alpacas, an emu and a fox https://t.co/JTwcwexRLj https://t.co/UNZ75WSIgz",-0.4588,59,1018216110469058561,0.167,0.762,0.071
@CNN,2018-07-14 19:15:10+00:00,"In Europe, First Lady Melania Trump is the Trump sticking to the script https://t.co/odZGVA2sfq https://t.co/0ZtVvImGrw",0.0,60,1018212327269773312,0.0,1.0,0.0
@CNN,2018-07-14 19:00:12+00:00,A senior National Security Council official who argued for increasing US refugee admissions and feuded with senior‚Ä¶ https://t.co/oELKfzIiK5,-0.5106,61,1018208557756567553,0.258,0.633,0.109
@CNN,2018-07-14 18:45:08+00:00,The British public doesn't appear amused with President Trump walking in front of Queen Elizabeth II‚Ä¶ https://t.co/9g5x8lMe0q,-0.3252,62,1018204765229125632,0.127,0.873,0.0
@CNN,2018-07-14 18:30:17+00:00,Here's what you might have missed during a busy news week https://t.co/rv1W25n2Iw https://t.co/MXMHXycOXl,-0.296,63,1018201029836500992,0.167,0.833,0.0
@CNN,2018-07-14 18:15:00+00:00,Philando Castile was fatally shot by police in Minnesota in 2016 ‚Äî then came the Russian trolls. An exclusive CNN i‚Ä¶ https://t.co/snbZHI833T,-0.5719,64,1018197184293101568,0.17,0.769,0.061
@CNN,2018-07-14 18:03:36+00:00,Israelis and Palestinians exchange fire along Gaza border https://t.co/YFUZAkkv5i https://t.co/dAFsl7lqaU,-0.34,65,1018194314621587457,0.211,0.789,0.0
@CNN,2018-07-14 18:00:04+00:00,Is it dark? And are you wearing sunglasses? You‚Äôre ready for the return of the CNN series #History of Comedy. Hear‚Ä¶ https://t.co/spOWGQNvT1,0.6553,66,1018193427811459077,0.0,0.789,0.211
@CNN,2018-07-14 17:45:00+00:00,"The Thai boys rescued from a cave after nearly three weeks are ""sitting up in their beds"" and ""sending thank-you me‚Ä¶ https://t.co/m00GEVO4Nr",0.4215,67,1018189633442574336,0.0,0.877,0.123
@CNN,2018-07-14 17:38:39+00:00,Serena Williams' fairytale return from maternity leave fell one match short as she lost to Angelique Kerber in the‚Ä¶ https://t.co/5max8jzFCc,-0.3612,68,1018188036264218624,0.163,0.837,0.0
@CNN,2018-07-14 17:28:24+00:00,Secretary of State Mike Pompeo says President Trump should proceed with his summit with Russian President Vladimir‚Ä¶ https://t.co/szEb8ClWru,0.0,69,1018185456775847936,0.0,1.0,0.0
@CNN,2018-07-14 17:11:35+00:00,"In Scotland, @PhilBlackCNN reports ""thousands of people"" have been rallying and protesting against Trump. One prote‚Ä¶ https://t.co/3Z1l8nN5we",-0.4215,70,1018181226610360320,0.149,0.851,0.0
@CNN,2018-07-14 16:53:47+00:00,"Germany's Angelique Kerber beats American Serena Williams 6-3, 6-3 to win her first Wimbledon championship‚Ä¶ https://t.co/qvmrNpeovo",0.5859,71,1018176745311227904,0.0,0.798,0.202
@CNN,2018-07-14 16:35:05+00:00,"Germany's Angelique Kerber beats American Serena Williams 6-2, 6-3 to win her first Wimbledon championship‚Ä¶ https://t.co/tJUTOpoTjR",0.5859,72,1018172038215761920,0.0,0.798,0.202
@CNN,2018-07-14 16:30:50+00:00,"""What happened to when we were united against a common enemy?"" CNN's @smerconish slams partisan reactions to the ""t‚Ä¶ https://t.co/IQMCH75fBd",0.4215,73,1018170969918181376,0.0,0.865,0.135
@CNN,2018-07-14 16:15:00+00:00,"""Probably the best course of action is to cancel this meeting."" Democratic Rep. Mike Quigley says President Trump s‚Ä¶ https://t.co/8UVkrBidZj",0.4939,74,1018166984918233089,0.083,0.744,0.174
@CNN,2018-07-14 16:03:49+00:00,"Belgium beats England 2-0, finishing third place in the World Cup https://t.co/CgOfxgNZCd https://t.co/Rag2LuM3bW",0.0,75,1018164169118486529,0.0,1.0,0.0
@CNN,2018-07-14 15:45:09+00:00,Novak Djokovic outlasts Rafael Nadal in Wimbledon semifinal to reach his first grand slam final in two years‚Ä¶ https://t.co/6lUvpufaOc,0.128,76,1018159472676687872,0.115,0.705,0.181
@CNN,2018-07-14 15:30:06+00:00,Why Emmett Till's case matters to American history and our future https://t.co/dp49PtgYwG (via @CNNOpinion) https://t.co/4V6VYmNyfj,0.0258,77,1018155686763483137,0.0,0.927,0.073
@CNN,2018-07-14 15:15:10+00:00,A paragliding protester hovered within surprising proximity of Trump on Friday as the President admired the view fr‚Ä¶ https://t.co/UB9Dgswldg,0.6597,78,1018151925571780608,0.0,0.748,0.252
@CNN,2018-07-14 15:01:05+00:00,"Director of National Intelligence Dan Coats raises the alarm on growing cyberattack threats against the US, saying‚Ä¶ https://t.co/sLfH84NISw",-0.1027,79,1018148385231196161,0.217,0.583,0.2
@CNN,2018-07-14 14:52:07+00:00,How Finland has survived in Russia's dark shadow https://t.co/uaqYYKM8PB https://t.co/vCromYSYn4,0.5106,80,1018146125977735168,0.0,0.732,0.268
@CNN,2018-07-14 14:01:48+00:00,This 12-year-old who is battling a rare bone cancer had her wish granted when she got to see the ocean and learn to‚Ä¶ https://t.co/OqpMmp7aoA,-0.4215,81,1018133464992964608,0.215,0.629,0.156
@CNN,2018-07-14 13:46:05+00:00,Newly-discovered fossils suggest giant dinosaurs evolved millions of years earlier than scientists thought https://t.co/1qJw5J5dhi,0.0,82,1018129509973942272,0.0,1.0,0.0
@CNN,2018-07-14 13:31:00+00:00,"Meet Care-E, the automated airport assistant that scans a boarding pass, carries luggage and guides passengers to t‚Ä¶ https://t.co/c12TfEbuCS",0.0,83,1018125713025748992,0.0,1.0,0.0
@CNN,2018-07-14 13:01:03+00:00,"Scientists have discovered the world's oldest color. It's bright pink -- the color of bubble gum, flamingos and cot‚Ä¶ https://t.co/pXGHjWw5yb",0.4404,84,1018118176029192193,0.0,0.868,0.132
@CNN,2018-07-14 12:46:07+00:00,"From the biggest street art party in Hong Kong to a community art tour, here are six Instagrammable ways to enjoy H‚Ä¶ https://t.co/1MJl9Bgfc1",0.7096,85,1018114418192846849,0.0,0.772,0.228
@CNN,2018-07-14 12:31:02+00:00,"Stitch Fix is tapping into the children's apparel market, launching subscription boxes with sizes 2T to 14. Founder‚Ä¶ https://t.co/VE939a8HoA",0.0,86,1018110619868753920,0.0,1.0,0.0
@CNN,2018-07-14 12:01:05+00:00,"Archaeologists unearth a mysterious sarcophagus in Egypt 
https://t.co/Z5XE26NQuK https://t.co/QbVllJbH6F",0.0,87,1018103083560243201,0.0,1.0,0.0
@CNN,2018-07-14 11:31:00+00:00,It's not always easy going green. Starbucks and Nestl√© customers embraced the brands' moves to environmentally-frie‚Ä¶ https://t.co/zVa4gcuLL8,-0.3412,88,1018095513546002433,0.131,0.869,0.0
@CNN,2018-07-14 11:01:04+00:00,5-year-old Garrett Matthias prepared his own obituary before he died from a rare form of pediatric cancer. In words‚Ä¶ https://t.co/kvDtKV3C0J,-0.7964,89,1018087981326962689,0.309,0.618,0.073
@CNN,2018-07-14 10:31:00+00:00,Starbucks is going strawless. The coffee company announced Monday that it will phase out plastic straws from all of‚Ä¶ https://t.co/4nPdL5wkfC,0.0,90,1018080414030815232,0.0,1.0,0.0
@CNN,2018-07-14 10:16:11+00:00,Scientists at the Teopanzolco archeological site discovered an ancient temple this week that was exposed by the dev‚Ä¶ https://t.co/NI106NMNKQ,-0.0772,91,1018076686666092544,0.067,0.933,0.0
@CNN,2018-07-14 10:02:10+00:00,A French bulldog named Darcy was given an oxygen mask on a JetBlue flight after showing signs of distress. Darcy's‚Ä¶ https://t.co/BfzWbTXPzn,-0.5267,92,1018073159738822657,0.159,0.841,0.0
@CNN,2018-07-14 09:46:04+00:00,"In an experiment, Australian scientists have successfully wiped out more than 80% of disease-carrying mosquitoes in‚Ä¶ https://t.co/SKnF8K2Fiw",0.4939,93,1018069107168641024,0.0,0.833,0.167
@CNN,2018-07-14 09:31:00+00:00,A rescue organization in the Turks and Caicos Islands finds good homes for stray potcake puppies -- and allows tour‚Ä¶ https://t.co/iNMmocN8kl,0.7351,94,1018065314569965568,0.0,0.744,0.256
@CNN,2018-07-14 09:01:03+00:00,"The US Navy has expanded its hair rules for female sailors, now permitting braids, ponytails and lock hairstyles‚Ä¶ https://t.co/dOUdRk9UTb",0.0,95,1018057778806579205,0.0,1.0,0.0
@CNN,2018-07-14 08:31:00+00:00,There is now only one Blockbuster store left in the United States https://t.co/eVtGl36DfQ https://t.co/mSVPk9Ctj8,0.7717,96,1018050214643417094,0.0,0.642,0.358
@CNN,2018-07-14 08:01:07+00:00,Shark bites Instagram model posing in the Bahamas https://t.co/w8PWXHQQA9 https://t.co/PDEQl5ItJK,0.0,97,1018042694113878019,0.0,1.0,0.0
@CNN,2018-07-14 07:31:00+00:00,"Build-A-Bear was forced to turn customers away after an onslaught of people came to take advantage of its ""pay your‚Ä¶ https://t.co/mQstVtHGrj",-0.34,98,1018035115501473794,0.18,0.738,0.082
@CNN,2018-07-14 07:01:41+00:00,"Hawaii just became the first state in the US to ban the sale of sunscreens that can harm coral reefs. Banana Boat,‚Ä¶ https://t.co/3gDJp7a6Pr",-0.7964,99,1018027737301311488,0.253,0.747,0.0
@CNN,2018-07-14 06:31:00+00:00,The first underwater museum in the United States has opened off the coast of northwest Florida‚Ä¶ https://t.co/U10bURPlJy,0.4215,100,1018020016019660800,0.0,0.851,0.149
@FoxNews,2018-07-14 06:30:00+00:00,".@dagenmcdowell: ""Peter Strzok testified that Bob Mueller, special counsel, never asked him about specific texts, n‚Ä¶ https://t.co/WtzoUVARgF",0.4019,1,1018019764076204032,0.0,0.856,0.144
@FoxNews,2018-07-14 06:15:00+00:00,".@RCamposDuffy: ""This happened under Obama's watch."" #Outnumbered https://t.co/NWKE7CHBOm https://t.co/iAwgIyaV6w",0.0,2,1018015989450059777,0.0,1.0,0.0
@FoxNews,2018-07-14 06:00:00+00:00,".@karringtonsc: ""I didn't stop talking to God from the moment of impact. Very loudly - I was not quiet.""‚Ä¶ https://t.co/1916z2nsud",0.4567,3,1018012216283496453,0.0,0.8,0.2
@FoxNews,2018-07-14 05:45:00+00:00,"Sen. @LindseyGrahamSC: ""I have a lot of faith in President Trump. Bush misread Putin. Putin ran over Obama because‚Ä¶ https://t.co/i1wT4gLpLi",0.1779,4,1018008439488839680,0.096,0.776,0.128
@FoxNews,2018-07-14 05:30:00+00:00,UK police confirm source of Novichok poisoning https://t.co/JCXQj6CzII,-0.5859,5,1018004664862892033,0.352,0.648,0.0
@FoxNews,2018-07-14 05:15:00+00:00,"Sen. @LindseyGrahamSC: ""Russia did interfere in our election, and if I were the president, I would not ask Putin di‚Ä¶ https://t.co/3rApgOhFez",0.0,6,1018000889720655872,0.0,1.0,0.0
@FoxNews,2018-07-14 05:00:00+00:00,Texas fishermen pull 8-foot alligator gar from river: 'She's a beast' https://t.co/UpYe8MxNZf,0.0,7,1017997116927459328,0.0,1.0,0.0
@FoxNews,2018-07-14 04:45:00+00:00,".@FLOTUS helps children to make poppies as she meets British military veterans known as ""Chelsea Pensioners"" at the‚Ä¶ https://t.co/rn4wJPbrMH",0.3818,8,1017993339885387777,0.0,0.874,0.126
@FoxNews,2018-07-14 04:28:00+00:00,.@SpeakerRyan says woodchucks 'ate' his SUV -- and he's not alone https://t.co/bueGmwg3of,0.1877,9,1017989062123192320,0.0,0.863,0.137
@FoxNews,2018-07-14 04:15:00+00:00,Chinese spy ship lurking off Hawaiian coast amid huge naval exercise: US officials https://t.co/JHUpiIaNvE,0.2023,10,1017985790142369793,0.095,0.759,0.146
@FoxNews,2018-07-14 04:00:00+00:00,"What's the GRU, Russia's military intelligence agency? 3 things to know https://t.co/2ocaQqcdl3",0.4767,11,1017982016476860416,0.0,0.763,0.237
@FoxNews,2018-07-14 03:45:00+00:00,"Leon Aron on Trump, Putin meeting: ""I think what @POTUS wants to show most of all, is that he can succeed where‚Ä¶ https://t.co/rym24Wcq3n",0.4939,12,1017978240974184450,0.0,0.873,0.127
@FoxNews,2018-07-14 03:30:00+00:00,.@NASA shares creepy image of 'spiders' on Mars https://t.co/0FtnyoZ5A9,0.296,13,1017974467107139586,0.0,0.784,0.216
@FoxNews,2018-07-14 03:20:00+00:00,Don‚Äôt miss ‚ÄúFox Report with Jon Scott‚Äù Saturdays at 7p ET and Sundays at 6p ET on Fox News Channel! @JonScottFNC https://t.co/azFkrUyVaU,-0.2244,14,1017971949065023488,0.083,0.917,0.0
@FoxNews,2018-07-14 03:15:00+00:00,".@shelbyholliday on 12 Russian officers indicted in Mueller probe: ""It not only makes the Mueller probe more credib‚Ä¶ https://t.co/qQYi7826r9",0.0,15,1017970690920550400,0.0,1.0,0.0
@FoxNews,2018-07-14 03:00:00+00:00,.@KimStrassel: Trump could deliver a second tax cut -- without having to deal with Congress. Here's how https://t.co/03An32A8BS,-0.2732,16,1017966918463033347,0.116,0.884,0.0
@FoxNews,2018-07-14 02:54:00+00:00,Florida man warns about saltwater poisoning after dog dies days after beach trip https://t.co/tUf365EKZK,-0.6369,17,1017965406483632128,0.302,0.698,0.0
@FoxNews,2018-07-14 02:49:00+00:00,Arizona lawmaker apologizes after bragging about speeding to cop during traffic stop https://t.co/W8TP9o8ioD,0.0772,18,1017964147961720838,0.14,0.701,0.159
@FoxNews,2018-07-14 02:42:56+00:00,"Villanova ministry director facing child porn charges called naked toddler girls 'hot,' police say https://t.co/UccaIrvyvM",-0.2732,19,1017962621000134656,0.13,0.87,0.0
@FoxNews,2018-07-14 02:38:49+00:00,Texas woman reels in 7-foot shark: 'Thank God for CrossFit' https://t.co/Afch0gyJZS,0.5574,20,1017961587087495168,0.0,0.662,0.338
@FoxNews,2018-07-14 02:33:08+00:00,'Fixer Upper' star Chip Gaines shares close-up photo of 3-week-old son Crew: 'My heart is full' https://t.co/IsaoZGRVnr,0.296,21,1017960155764404226,0.0,0.879,0.121
@FoxNews,2018-07-14 02:15:00+00:00,".@seanhannity: ""Why announce these indictments today, on the eve of this meeting between the president and Vladimir‚Ä¶ https://t.co/IAPHuCc8iE",0.0,22,1017955591552143361,0.0,1.0,0.0
@FoxNews,2018-07-14 02:09:46+00:00,"ICE agents arrest 18 human smugglers, 117 illegal immigrants in Texas, New Mexico https://t.co/q7O7q5H2pm",-0.8126,23,1017954276776337408,0.433,0.567,0.0
@FoxNews,2018-07-14 02:09:26+00:00,".@seanhannity: ""No Americans, Rod Rosenstein said, are suspected now of playing any role in these election crimes.""‚Ä¶ https://t.co/emqjqUsCsD",-0.3182,24,1017954190272888832,0.196,0.718,0.086
@FoxNews,2018-07-14 01:56:00+00:00,Man charged in cold-case murder of elderly California woman. https://t.co/puFmgcOY5p,-0.7579,25,1017950810637062144,0.448,0.552,0.0
@FoxNews,2018-07-14 01:50:17+00:00,"7 endangered black rhinos found dead in Kenya, officials say it's 'a complete disaster' https://t.co/d3So5XcviC",-0.8555,26,1017949373924331521,0.412,0.588,0.0
@FoxNews,2018-07-14 01:41:10+00:00,Federal judge commends Trump administration for 'good faith' in family reunifications. https://t.co/Cs8e9JZ3k6,0.6908,27,1017947078209822723,0.0,0.637,0.363
@FoxNews,2018-07-14 01:27:53+00:00,Woman gets 40 years in prison for trying to sell 2-year-old daughter for sex. https://t.co/waJhLdBHF6,-0.5106,28,1017943736368664576,0.191,0.809,0.0
@FoxNews,2018-07-14 01:20:00+00:00,"""Ghost dunes"" found on Mars could hold proof of ancient life on the red planet, according to newly published resear‚Ä¶ https://t.co/1iqZsAGo5q",-0.3182,29,1017941751376605185,0.103,0.897,0.0
@FoxNews,2018-07-14 01:18:44+00:00,"Infant dies day after showing symptoms of meningitis, family says https://t.co/VKbge3GA8x",0.0,30,1017941434165493760,0.0,1.0,0.0
@FoxNews,2018-07-14 01:13:41+00:00,The Daily Spike: Albie and the Harrell family on why they chose to train a service dog https://t.co/8sxyDx87Cl,0.0,31,1017940161466982406,0.0,1.0,0.0
@FoxNews,2018-07-14 01:10:00+00:00,OPINION: Republicans walked right into Peter Strzok's trap -- Here's what they missed. https://t.co/PTLpUenTYn,-0.5423,32,1017939233544261633,0.273,0.727,0.0
@FoxNews,2018-07-14 01:07:14+00:00,Texas fishermen pull 8-foot alligator gar from river: 'She's a beast' https://t.co/ku7k07nvyi,0.0,33,1017938537939947520,0.0,1.0,0.0
@FoxNews,2018-07-14 00:56:40+00:00,"MLB suspends Papa John's promotion until after All-Star break, pizza company says https://t.co/4V5EwXbNWC",0.0,34,1017935876771508224,0.0,1.0,0.0
@FoxNews,2018-07-14 00:50:00+00:00,"OPINION: Indictment arguments aside, Trump is right to meet with Putin https://t.co/gI9NigGo0i",-0.4019,35,1017934200375214080,0.197,0.803,0.0
@FoxNews,2018-07-14 00:42:02+00:00,Florida beaches closed after shark attacks leave 2 injured: report https://t.co/x1ocKP9FZY,-0.7003,36,1017932194252312581,0.493,0.507,0.0
@FoxNews,2018-07-14 00:33:00+00:00,"The crew of the Coast Guard Cutter Kukui arrives in Sitka, Alaska after circumnavigating North America for a year.‚Ä¶ https://t.co/bck1GhBVjR",0.0,37,1017929922231218176,0.0,1.0,0.0
@FoxNews,2018-07-14 00:31:28+00:00,"Billy Bush's wife, Sydney Davis, files for divorce after nearly 20 years of marriage: report https://t.co/HGlH3vwHt3",0.0,38,1017929538049925120,0.0,1.0,0.0
@FoxNews,2018-07-14 00:27:47+00:00,'A Step in the Right Direction': @GiannoCaldwell Praises Trump DOJ After 1955 Emmett Till Case Reopened https://t.co/LPzMLzaemb,0.5267,39,1017928609158324225,0.0,0.825,0.175
@FoxNews,2018-07-14 00:19:36+00:00,Graham: Trump Must 'Reject' Any Putin Denials of Election Meddling https://t.co/USc9GNYEEa,0.0,40,1017926548932956161,0.0,1.0,0.0
@FoxNews,2018-07-14 00:15:23+00:00,"Blockbuster video stores closing in Alaska, leaving chain with 1 location in US https://t.co/m3AdMnEWhN",0.5994,41,1017925489711898624,0.0,0.755,0.245
@FoxNews,2018-07-14 00:13:09+00:00,.@SenJohnMcCain says Helsinki summit 'should not move forward' unless Trump takes firm stand against Russian meddli‚Ä¶ https://t.co/e4zPezMUf3,0.0,42,1017924926739795968,0.0,1.0,0.0
@FoxNews,2018-07-13 23:57:50+00:00,".@newtgingrich: GOP could win big in November thanks to Democrats‚Äô radical, unrealistic immigration stance. (via‚Ä¶ https://t.co/ikYdQgmvIy",0.7717,43,1017921072337965058,0.0,0.676,0.324
@FoxNews,2018-07-13 23:51:50+00:00,".@AlanDersh: ""This indictment proves that we never needed a special counsel."" #TheStory https://t.co/NWKE7CHBOm https://t.co/lhJSkUAGZT",-0.3089,44,1017919562283667456,0.158,0.842,0.0
@FoxNews,2018-07-13 23:47:23+00:00,".@AlanDersh: ""Every civil libertarian should be concerned about even if there's a possibility that an informant was‚Ä¶ https://t.co/48Lzaqjc5S",0.2263,45,1017918442752618496,0.0,0.894,0.106
@FoxNews,2018-07-13 23:38:46+00:00,.@SpeakerRyan says woodchucks 'ate' his SUV -- and he's not alone. https://t.co/bueGmwg3of,0.1877,46,1017916276000346112,0.0,0.863,0.137
@FoxNews,2018-07-13 23:25:53+00:00,"Sen. @LindseyGrahamSC: ""Nothing would please Russia more than chaos in America."" #TheStory https://t.co/0ZDI3jYOJo",-0.7132,47,1017913032880553984,0.351,0.649,0.0
@FoxNews,2018-07-13 23:24:25+00:00,"Sen. @LindseyGrahamSC: ""I have a lot of faith in President Trump. Bush misread Putin. Putin ran over Obama because‚Ä¶ https://t.co/8nfb5Yii51",0.1779,48,1017912662632620034,0.096,0.776,0.128
@FoxNews,2018-07-13 23:22:00+00:00,"Sen. @LindseyGrahamSC: ""Russia did interfere in our election, and if I were the president, I would not ask Putin di‚Ä¶ https://t.co/HWt2DqxNZh",0.0,49,1017912055188377601,0.0,1.0,0.0
@FoxNews,2018-07-13 23:08:52+00:00,"Sen. @LindseyGrahamSC: ""I really feel good about how NATO ended. We're going to meet Putin now with NATO stronger t‚Ä¶ https://t.co/LdTFTbWNxJ",0.6983,50,1017908749753823232,0.0,0.767,0.233
@FoxNews,2018-07-13 23:05:01+00:00,Ex-New York Chief Judge: It's time to end cash bail https://t.co/VTbaLGNY5p,0.0,51,1017907779166564352,0.0,1.0,0.0
@FoxNews,2018-07-13 23:01:03+00:00,".@continetti: ""The entire week has kind of been a display of what America first foreign policy looks like.""‚Ä¶ https://t.co/lxVdIXadaf",0.0,52,1017906784575598593,0.0,1.0,0.0
@FoxNews,2018-07-13 22:47:52+00:00,"Karen Tumulty: ""With these indictments, the Mueller investigation goes actually right to the heart of Vladimir Puti‚Ä¶ https://t.co/CqZB4LjzOw",0.0,53,1017903466352709632,0.0,1.0,0.0
@FoxNews,2018-07-13 22:39:18+00:00,"5-year-old boy helps write his own obituary before tragic cancer death: 'See ya later, suckas!' https://t.co/5S6IaiIP59",-0.8748,54,1017901309058527233,0.443,0.458,0.099
@FoxNews,2018-07-13 22:32:50+00:00,"Five years after Syrian archbishops' abduction, Christians need help finding answers https://t.co/25Qx89OAs7",-0.2732,55,1017899679936282625,0.23,0.606,0.164
@FoxNews,2018-07-13 22:26:40+00:00,Friday the 13th eclipse visible in Antarctica https://t.co/5bXCYj3z06,0.0,56,1017898129100869632,0.0,1.0,0.0
@FoxNews,2018-07-13 22:17:06+00:00,Thousands march against Trump in rowdy London protests; @BenjaminHallFNC reports. #SpecialReport‚Ä¶ https://t.co/rH6Ey3UIM9,-0.2263,57,1017895723055108096,0.147,0.853,0.0
@FoxNews,2018-07-13 22:14:21+00:00,"Russian officers indicted for allegedly hacking Clinton campaign, DNC emails. #SpecialReport https://t.co/NWKE7CHBOm https://t.co/zqFaH0wQxu",0.0,58,1017895032135847936,0.0,1.0,0.0
@FoxNews,2018-07-13 22:07:08+00:00,Fox News Poll: #AbolishICE not trending among voters https://t.co/ZaJnxFs2cd,0.0,59,1017893215125626886,0.0,1.0,0.0
@FoxNews,2018-07-13 22:00:35+00:00,UK police confirm source of Novichok poisoning. https://t.co/Wt8ofmQ55R,-0.5859,60,1017891566483050496,0.352,0.648,0.0
@FoxNews,2018-07-13 21:47:00+00:00,"Scarlett Johansson drops transgender role after backlash, report says. https://t.co/HZ9YcQTiwy",0.0,61,1017888147882029056,0.0,1.0,0.0
@FoxNews,2018-07-13 21:40:00+00:00,"What's the GRU, Russia's military intelligence agency? 3 things to know. https://t.co/2ocaQpUBWt",0.4767,62,1017886385137639424,0.0,0.763,0.237
@FoxNews,2018-07-13 21:31:34+00:00,"Woman disappears after she recorded herself throwing ink on poster of Chinese president, report says https://t.co/PM4s1eeGIY",-0.34,63,1017884264543768576,0.138,0.862,0.0
@FoxNews,2018-07-13 21:19:51+00:00,Texas sheriff's deputy with 'heart of gold' to donate kidney to a man in need. https://t.co/6scZyvWnHY,0.0,64,1017881315755126784,0.0,1.0,0.0
@FoxNews,2018-07-13 21:11:39+00:00,".@JesseBWatters: ""At the end of the day, [@POTUS'] trip to Europe was positive."" #TheFive https://t.co/D2qoT9ajsY",0.0,65,1017879252501491713,0.0,1.0,0.0
@FoxNews,2018-07-13 21:08:22+00:00,"Chinese spy ship lurking off Hawaiian coast amid huge naval exercise, US officials says. https://t.co/JHUpiIsoUe",0.2023,66,1017878423509897216,0.089,0.774,0.137
@FoxNews,2018-07-13 20:57:14+00:00,Custom Ford Mustang honoring America's WW II Eagle Squadrons to be auctioned for charity https://t.co/EdiicLYiKa,0.7269,67,1017875624491397120,0.0,0.681,0.319
@FoxNews,2018-07-13 20:47:22+00:00,"What is bacterial meningitis? Signs, symptoms and treatment for the infection. https://t.co/WgtjxsXeDD",0.0,68,1017873142486888451,0.0,1.0,0.0
@FoxNews,2018-07-13 20:33:43+00:00,RT @FoxBusiness: Dow clears 25K as the Nasdaq sits at a record high  https://t.co/d6ajEPlbYT,0.0772,69,1017869703451234304,0.0,0.902,0.098
@FoxNews,2018-07-13 20:22:31+00:00,Custom Ford Mustang honoring America's WW II Eagle Squadrons to be auctioned for charity https://t.co/RJfWvmr8Di,0.7269,70,1017866888225882113,0.0,0.681,0.319
@FoxNews,2018-07-13 20:13:53+00:00,"RT @FoxBusiness: AT THE CLOSE: The Dow Jones Industrial Average closes above 25,000 for the first time since June 15. The Nasdaq closes at‚Ä¶",0.0,71,1017864715211628544,0.0,1.0,0.0
@FoxNews,2018-07-13 19:55:17+00:00,Harvey Weinstein denies admitting he offered 'acting jobs in exchange for sex' https://t.co/kZ9oPpoyKF,-0.4215,72,1017860034099859456,0.189,0.811,0.0
@FoxNews,2018-07-13 19:52:11+00:00,RT @FoxBusiness: Instagram users hit with temporary outage  https://t.co/szMOTJ3hxr,0.0,73,1017859253078458371,0.0,1.0,0.0
@FoxNews,2018-07-13 19:42:59+00:00,WATCH: @POTUS arrives in Scotland with @FLOTUS. @ShepNewsTeam https://t.co/BynGFZhToI,0.0,74,1017856939877953538,0.0,1.0,0.0
@FoxNews,2018-07-13 19:41:56+00:00,MONDAY: Chris Wallace will conduct an exclusive interview with Russian President Vladimir Putin following the summi‚Ä¶ https://t.co/IuFOWNXzpF,0.128,75,1017856674290388992,0.0,0.914,0.086
@FoxNews,2018-07-13 19:35:45+00:00,NY Gov. Andrew Cuomo Threatens to Sue If Supreme Court Overturns Roe v. Wade. https://t.co/Ogt3YV4w2y,0.25,76,1017855117230473216,0.135,0.677,0.188
@FoxNews,2018-07-13 19:27:55+00:00,.@POTUS arrives in Scotland. https://t.co/ds7WFn57xn,0.0,77,1017853145823793152,0.0,1.0,0.0
@FoxNews,2018-07-13 19:27:29+00:00,"Pentagon officials say Sgt. 1st Class Christopher A. Celiz, 32, of South Carolina was killed during combat in Afgha‚Ä¶ https://t.co/2F4QeTv6PT",-0.7845,78,1017853036855746561,0.277,0.723,0.0
@FoxNews,2018-07-13 19:27:07+00:00,"In London, pro-Trump counter-protesters hit with abuse, some violence. https://t.co/HIlyBjxSOB",-0.8519,79,1017852944773996549,0.509,0.491,0.0
@FoxNews,2018-07-13 19:20:01+00:00,"12 Russian Intel officials indicted for allegedly hacking Clinton campaign, DNC emails: What to know. https://t.co/15GGOEAKxM",0.0,80,1017851158193319936,0.0,1.0,0.0
@FoxNews,2018-07-13 19:15:09+00:00,"Louisiana inmate caught having sex with woman, 19, in courthouse stairwell, police say. https://t.co/Si9U9Cjo4Q",0.0,81,1017849934668853248,0.0,1.0,0.0
@FoxNews,2018-07-13 19:06:11+00:00,"Officials say vaping co-pilot caused Air China flight to drop 21,000 feet. https://t.co/hJLeTKw2Al",-0.2732,82,1017847676057149440,0.149,0.851,0.0
@FoxNews,2018-07-13 18:54:17+00:00,Atlanta airport reveals it spent nearly $4M on dog bathrooms https://t.co/YeNyUzJwXj,0.0,83,1017844683173695488,0.0,1.0,0.0
@FoxNews,2018-07-13 18:49:54+00:00,"Democrats urge Trump to cancel Putin summit, after indictment of Russian intel officers https://t.co/50aMJVBjI6",-0.25,84,1017843577295134725,0.133,0.867,0.0
@FoxNews,2018-07-13 18:46:58+00:00,"Leon Aron on Trump, Putin meeting: ""I think what @POTUS wants to show most of all, is that he can succeed where‚Ä¶ https://t.co/rr2bALkxZw",0.4939,85,1017842841870053376,0.0,0.873,0.127
@FoxNews,2018-07-13 18:43:46+00:00,"Leon Aron: ""The key to [Putin keeping] popularity and legitimacy is to say, 'we are equal to America, we could stan‚Ä¶ https://t.co/5jtBFGbvpa",0.4767,86,1017842033644498944,0.0,0.871,0.129
@FoxNews,2018-07-13 18:38:55+00:00,"Leon Aron on @POTUS, Putin meeting: ""Every time a Russian or Soviet leader meets one-on-one with an American presid‚Ä¶ https://t.co/pjYNSMwE51",0.0,87,1017840814293241856,0.0,1.0,0.0
@FoxNews,2018-07-13 18:36:05+00:00,Never-before-seen Winston Churchill WWII photos surface https://t.co/vzXB5T1AXE,0.0,88,1017840100930129920,0.0,1.0,0.0
@FoxNews,2018-07-13 18:31:09+00:00,'They Attacked Our Democracy': Top Dems Call for Trump to Cancel Putin Meeting https://t.co/CtaG41Clh0,-0.4939,89,1017838858870951936,0.281,0.618,0.101
@FoxNews,2018-07-13 18:28:57+00:00,".@ChrisStirewalt on alleged Russian hacking: ""Telling [Vladimir Putin] to stop might be useful, but what probably i‚Ä¶ https://t.co/ymi5Ifh8VD",0.09,90,1017838308058189830,0.082,0.818,0.1
@FoxNews,2018-07-13 18:22:00+00:00,".@POTUS: ""[Immigration is] changing the culture, I think it's a very negative thing for Europe... I know it's polit‚Ä¶ https://t.co/9nlot3EnyK",-0.6115,91,1017836556915097600,0.2,0.8,0.0
@FoxNews,2018-07-13 18:20:58+00:00,President @realDonaldTrump has wrapped up his trip to England and is on his way to Scotland; @johnrobertsFox report‚Ä¶ https://t.co/NmZV41GiDE,0.0,92,1017836297593991169,0.0,1.0,0.0
@FoxNews,2018-07-13 18:14:09+00:00,".@shelbyholliday on 12 Russian officers indicted in Mueller probe: ""It not only makes the Mueller probe more credib‚Ä¶ https://t.co/b3hHkAucJ5",0.0,93,1017834581536460801,0.0,1.0,0.0
@FoxNews,2018-07-13 18:01:36+00:00,"Innovative project harnesses Legos and smartphones in the fight against invisible, deadly weapons https://t.co/tf5Scl8raW",-0.3818,94,1017831422302834689,0.284,0.567,0.149
@FoxNews,2018-07-13 18:00:00+00:00,CDC WARNING: Do not eat 'Honey Smacks' cereal. https://t.co/ulyGFHK1Zj,-0.4824,95,1017831022824599552,0.281,0.719,0.0
@FoxNews,2018-07-13 17:59:29+00:00,"RT @FoxBusiness: .@MarkWarner on the 12 Russian intelligence officers indicted in Mueller probe: ""There should be no one-on-one meeting bet‚Ä¶",0.2263,96,1017830890360188928,0.094,0.773,0.133
@FoxNews,2018-07-13 17:50:12+00:00,OPINION: Republicans walked right into Peter Strzok's trap -- Here's what they missed (and Americans need to know) https://t.co/C8Mw7uheCo,-0.5423,97,1017828555848331265,0.209,0.791,0.0
@FoxNews,2018-07-13 17:41:55+00:00,Queen Elizabeth II shakes hands with @POTUS and @FLOTUS during their visit to Windsor Castle.‚Ä¶ https://t.co/J4YgkCUWCp,0.0,98,1017826468636839937,0.0,1.0,0.0
@FoxNews,2018-07-13 17:36:07+00:00,".@RepRussell: ""If we can't trust our own law enforcers, then we're in serious trouble."" #OutnumberedOT https://t.co/V1eyMQe9oW",-0.4592,99,1017825008989728769,0.222,0.778,0.0
@FoxNews,2018-07-13 17:33:19+00:00,Former FBI lawyer Lisa Page arrives to face lawmakers over anti-Trump texts; Catherine Herridge reports. https://t.co/yMZvVAfnjh,0.0,100,1017824307131617280,0.0,1.0,0.0
@nytimes,2018-07-13 17:32:05+00:00,"RT @katierosman: Meet the plaintiffs. Men's rights activist in California are filing law suits, lots of them, arguing that their civil righ‚Ä¶",-0.4588,1,1017823993838088192,0.125,0.875,0.0
@nytimes,2018-07-13 17:22:17+00:00,"RT @anniecorreal: Yeni Gonz√°lez, whose journey to New York we documented in The  Daily, is about to retrieve her three children nearly two‚Ä¶",0.0,2,1017821528719847426,0.0,1.0,0.0
@nytimes,2018-07-13 17:22:05+00:00,"A ""Downton Abbey"" movie is coming https://t.co/LKOC5QkZ4b",0.0,3,1017821477087973376,0.0,1.0,0.0
@nytimes,2018-07-13 17:12:02+00:00,"Found: A 2,000-year-old sarcophagus that was perfectly sealed.
Inside: Unclear. https://t.co/7RiNbIVHxf",0.4939,4,1017818951626223616,0.141,0.563,0.296
@nytimes,2018-07-13 17:02:05+00:00,"Option A: Take a dip at the Astoria Pool.  
Option B: Feast on noodles and dumplings in Chinatown. https://t.co/c4RwOOOkoB",-0.0772,5,1017816446443950080,0.071,0.929,0.0
@nytimes,2018-07-13 16:52:05+00:00,RT @nytpolitics: The White House has ordered that more lawmakers be given access to classified information about an informant the F.B.I. us‚Ä¶,0.0,6,1017813931354742784,0.0,1.0,0.0
@nytimes,2018-07-13 16:42:04+00:00,Did you stay up to date this week? Take our news quiz to find out. https://t.co/zW725ZehqS,0.0,7,1017811408245919744,0.0,1.0,0.0
@nytimes,2018-07-13 16:32:05+00:00,RT @NYTSports: Forget video assistant referees. A translation app was the World Cup's biggest technological advance. https://t.co/HZNC5Ls0lk,-0.2263,8,1017808895325229056,0.112,0.888,0.0
@nytimes,2018-07-13 16:22:40+00:00,"Confused by the Russia investigation? Here are the key themes, dates and people involved. https://t.co/slPMlSqlxL",-0.3182,9,1017806527921520640,0.141,0.859,0.0
@nytimes,2018-07-13 16:15:28+00:00,"RT @peterbakernyt: Mueller indictments of Russians tie the hacking directly to the GRU, the Russian military intelligence agency.",0.4767,10,1017804715151814656,0.0,0.846,0.154
@nytimes,2018-07-13 16:13:36+00:00,Rod Rosenstein is discussing the charges during a news conference as President Trump meets with the queen of Englan‚Ä¶ https://t.co/tdXSXGBWUM,-0.2732,11,1017804245112942592,0.104,0.896,0.0
@nytimes,2018-07-13 16:12:28+00:00,"Breaking News: Twelve Russian intelligence officers were charged in the hacking of Democrats‚Äô emails, days before P‚Ä¶ https://t.co/5REI9AAjzn",0.3182,12,1017803960923705346,0.086,0.766,0.148
@nytimes,2018-07-13 16:12:04+00:00,"The TSA agents who search your bags and body at the airport can‚Äôt be sued for misconduct, an appeals court said, be‚Ä¶ https://t.co/vviAED4mB0",0.0,13,1017803858020626432,0.0,1.0,0.0
@nytimes,2018-07-13 16:00:48+00:00,"He first tried to deny he had criticized the prime minister and blamed the media.
He then tried to compensate by la‚Ä¶ https://t.co/55Dxi9NUjl",-0.7906,14,1017801023484780544,0.286,0.714,0.0
@nytimes,2018-07-13 15:52:04+00:00,"""I get discriminated against all the time. No one thinks I‚Äôm a CEO. I sit on a plane and tell somebody, 'Well, I ru‚Ä¶ https://t.co/kq2StHQVIo",-0.296,15,1017798826265104384,0.099,0.901,0.0
@nytimes,2018-07-13 15:42:03+00:00,"Microsoft called for stiffer regulation of facial recognition technology, in a rare case of a tech company urging m‚Ä¶ https://t.co/8RL6rGSRra",0.0,16,1017796304230146048,0.0,1.0,0.0
@nytimes,2018-07-13 15:32:02+00:00,"In a interview, President Trump castigated Theresa May for her approach to Brexit and said it might jeopardize a tr‚Ä¶ https://t.co/kE9CWXJnTS",0.0,17,1017793784271261696,0.0,1.0,0.0
@nytimes,2018-07-13 15:17:13+00:00,"Tom Price, the former secretary of health and human services, wasted at least $341,000 by billing taxpayers for his‚Ä¶ https://t.co/o5edDB43CH",-0.4939,18,1017790054138335232,0.144,0.856,0.0
@nytimes,2018-07-13 15:12:00+00:00,Pomp and protest: The best photos from President Trump's visit to Europe https://t.co/hFFBIVMz75,0.4939,19,1017788743837732865,0.116,0.64,0.244
@nytimes,2018-07-13 15:02:06+00:00,"""If I learned one thing from marriage, it‚Äôs that finding a man to protect me isn‚Äôt the answer"" https://t.co/lnRuKjcu8w",0.3818,20,1017786249392869376,0.0,0.86,0.14
@nytimes,2018-07-13 14:52:07+00:00,"RT @michikokakutani: My mother‚Äôs family was among the 120,000 Japanese Americans sent to internment camps during World War II. 
With Trump'‚Ä¶",-0.5994,21,1017783736744796160,0.163,0.837,0.0
@nytimes,2018-07-13 14:42:07+00:00,"How ""The Kissing Booth,"" a teen rom-com on Netflix, became one of the summer‚Äôs most popular movies https://t.co/ok0EHOSYv6",0.7778,22,1017781222196555780,0.0,0.688,0.312
@nytimes,2018-07-13 14:32:08+00:00,What has been different about the wildfires in California this year? It's not just the scale and the timing.  https://t.co/fpDzFlAFBF,0.0,23,1017778709938483201,0.0,1.0,0.0
@nytimes,2018-07-13 14:22:05+00:00,"Can a social network still offer a platform for politics? Nextdoor, the neighborhood site, hopes so. https://t.co/SVLsUe53lJ",0.4215,24,1017776180299255808,0.0,0.833,0.167
@nytimes,2018-07-13 14:18:38+00:00,RT @nytimesworld: Follow our reporters @CeylanWrites @_StephenCastle @kimidefreytas and @Magraki who are covering President Trump's visit t‚Ä¶,0.0,25,1017775312543854592,0.0,1.0,0.0
@nytimes,2018-07-13 14:12:04+00:00,Brits tweeted about their hopes that Prime Minister Theresa May would channel her inner Hugh Grant https://t.co/GSQ4cIXruF,0.6486,26,1017773658272620545,0.0,0.739,0.261
@nytimes,2018-07-13 14:02:05+00:00,RT @xanalter: Many dejected Democrats have fantasized about Obama and Biden coming out of political retirement and teaming up. Andrew Shaff‚Ä¶,-0.4939,27,1017771146597556225,0.138,0.862,0.0
@nytimes,2018-07-13 13:52:04+00:00,"He filled 9,000 bottles with filthy water to draw attention to a Chinese village‚Äôs pollution problem https://t.co/qTuT2SBjYj",-0.4019,28,1017768625892151296,0.153,0.847,0.0
@nytimes,2018-07-13 13:42:04+00:00,"Republicans had a plan for Missouri's attorney general, Josh Hawley. He's working on it. https://t.co/48BKWiUOmy",0.0,29,1017766109682991104,0.0,1.0,0.0
@nytimes,2018-07-13 13:32:02+00:00,"‚ÄúShe so ugly I almost threw up. Ew.‚Äù
‚ÄúI was just staring at your bbbooo.....i mean eyes.‚Äù
‚ÄúGo back to the kitchen a‚Ä¶ https://t.co/nIwuNOxDJl",-0.5563,30,1017763586234572800,0.14,0.86,0.0
@nytimes,2018-07-13 13:22:04+00:00,Gov. Cuomo is ferociously aiming to persuade the electorate that his feminism is sacrosanct https://t.co/6hkzTjhx2q,-0.2732,31,1017761076031774720,0.13,0.87,0.0
@nytimes,2018-07-13 13:17:12+00:00,"""I didn't criticize the prime minister"": President Trump, in the U.K., affirmed his support for Theresa May, after‚Ä¶ https://t.co/0BKAFw0H46",0.5972,32,1017759853165580289,0.0,0.777,0.223
@nytimes,2018-07-13 13:12:05+00:00,Stephen Colbert: ‚ÄúThis is the first time I‚Äôve seen Congress as frustrated with Congress as we are!‚Äù https://t.co/LxckMRrNUH,-0.5707,33,1017758562645368832,0.178,0.822,0.0
@nytimes,2018-07-13 13:02:06+00:00,"4,500 tech workers, 1 mission: dragging Democratic campaigns into the digital age https://t.co/A3IpuZHMFf",0.0,34,1017756051008040961,0.0,1.0,0.0
@nytimes,2018-07-13 12:52:04+00:00,"RT @viaSimonRomero: I went to the U.S.-Mexico border for this story on the immigrant volunteers ‚Äî maids, gardeners, combat vets, constructi‚Ä¶",-0.34,35,1017753529258332160,0.118,0.882,0.0
@nytimes,2018-07-13 12:42:02+00:00,Morning Briefing: It's Friday. Here's what you need to know to start your day. https://t.co/81tEx69feF,0.0,36,1017751003393912833,0.0,1.0,0.0
@nytimes,2018-07-13 12:37:26+00:00,RT @NYTmag: The New York Times Magazine is looking for full-time teachers who have second jobs year round to supplement their salaries. We‚Ä¶,0.0,37,1017749842725081088,0.0,1.0,0.0
@nytimes,2018-07-13 12:32:02+00:00,The tension and uncertainty surrounding President Trump‚Äôs trip to Britain reached new heights last night. Here's th‚Ä¶ https://t.co/ogj1FfeICI,-0.5106,38,1017748486685634561,0.223,0.711,0.066
@nytimes,2018-07-13 12:28:07+00:00,"The giant balloon depicting President Trump as a pouting orange baby took flight in London as part of Britain's ""St‚Ä¶ https://t.co/8Ggd6OG71f",0.0,39,1017747501233987584,0.0,1.0,0.0
@nytimes,2018-07-13 12:22:04+00:00,"Jason Kessler, who organized last year‚Äôs white supremacist rally in Charlottesville, said he would actively discour‚Ä¶ https://t.co/MrlttY5Ror",0.4215,40,1017745979590705153,0.0,0.798,0.202
@nytimes,2018-07-13 12:12:07+00:00,He became a punching bag for Republican lawmakers. So why did he offer to testify before them? https://t.co/RbdpKNgIEV,0.0,41,1017743473280278529,0.0,1.0,0.0
@nytimes,2018-07-13 12:02:08+00:00,"‚ÄúI still can‚Äôt believe it worked.‚Äù Inside the Thai soccer team's rescue: floating stretchers, anti-anxiety pills an‚Ä¶ https://t.co/ThBk0xA67i",0.5106,42,1017740959562510339,0.0,0.837,0.163
@nytimes,2018-07-13 11:47:03+00:00,New York has rarely looked as grand and otherworldly as it does in these photographs https://t.co/g9YRQLgISJ,-0.357,43,1017737164505997314,0.142,0.858,0.0
@nytimes,2018-07-13 11:32:06+00:00,Many celebrities and politicians found their Twitter followings knocked down a few digits as the company slashed te‚Ä¶ https://t.co/FXHKIH47rb,-0.2263,44,1017733404190740481,0.101,0.899,0.0
@nytimes,2018-07-13 11:31:54+00:00,"RT @nytimesworld: President Trump breathed new life into his long-running feud with the mayor of London, Sadiq Khan, making harsh comments‚Ä¶",-0.6486,45,1017733352110133249,0.218,0.782,0.0
@nytimes,2018-07-13 11:17:02+00:00,"RT @jennyschuessler: I wrote about ‚ÄúThe Magic of Handwriting,‚Äù a delightful show at the  Morgan Library (which features some handwriting th‚Ä¶",0.5859,46,1017729609436188672,0.0,0.826,0.174
@nytimes,2018-07-13 11:02:06+00:00,This simple side dish takes only 15 minutes to make https://t.co/AV7wodWy0K,0.0,47,1017725851595628544,0.0,1.0,0.0
@nytimes,2018-07-13 10:44:02+00:00,The Quiet Death of Racial Progress https://t.co/oJSMfVHQrg,-0.2732,48,1017721305108566017,0.333,0.427,0.239
@nytimes,2018-07-13 10:32:01+00:00,RT @tackettdc: ‚ÄúThe White House has rebuffed concerns among American intelligence and law enforcement officials and ordered that more lawma‚Ä¶,0.4767,49,1017718281963270145,0.0,0.86,0.14
@nytimes,2018-07-13 10:30:10+00:00,"Welcome to Summer!: Things to Do in NYC: Astoria for a Pool Day, and Open-Mic Night Plus Dumplings in Chinatown https://t.co/DO3UABWsRY",0.4574,50,1017717817125359618,0.058,0.797,0.146
@nytimes,2018-07-13 10:22:56+00:00,Brett Kavanaugh‚Äôs Supreme Court Confirmation: Get Caught Up https://t.co/DOPtia4dzn,0.5574,51,1017715997187432449,0.0,0.69,0.31
@nytimes,2018-07-13 10:00:33+00:00,"‚ÄúIt‚Äôs going to swamp his Twitter feed. There‚Äôs no way he doesn‚Äôt see this,‚Äù an organizer said of the ""Trump Baby."" https://t.co/xhUkayWXck",-0.296,52,1017710363905855490,0.095,0.905,0.0
@nytimes,2018-07-13 09:54:41+00:00,"‚ÄúThe implications of all this are large,‚Äù one paleoanthropologist said. ‚ÄúWe must re-evaluate our understanding of h‚Ä¶ https://t.co/tA4pom0bkB",0.0,53,1017708886038601728,0.0,1.0,0.0
@nytimes,2018-07-13 09:37:56+00:00,Running After a Heart Attack https://t.co/VpACF9TXlu,-0.4767,54,1017704672788930560,0.437,0.563,0.0
@nytimes,2018-07-13 09:32:00+00:00,RT @nytimesworld: The British know President Trump is a longtime Churchill enthusiast. So it is no accident that Mr. Trump began his visit‚Ä¶,-0.4703,55,1017703180849893376,0.206,0.702,0.092
@nytimes,2018-07-13 09:19:09+00:00,"With 9,000 Bottles of Dirty ‚ÄòSpring Water,‚Äô a Chinese Artist Gets Results https://t.co/hGGxcc65wI",-0.4404,56,1017699944378101761,0.209,0.791,0.0
@nytimes,2018-07-13 09:16:51+00:00,"Live Briefing: Trump‚Äôs U.K. Visit: Pomp, Protests and a Bombshell Interview https://t.co/Z2OmQHe3YK",-0.2263,57,1017699367841615873,0.16,0.84,0.0
@nytimes,2018-07-13 09:05:57+00:00,"Deloitte employees are calling for the firm to end its consulting for ICE, circulating a petition saying they have‚Ä¶ https://t.co/gbNWrNzCSM",0.0,58,1017696621134524416,0.0,1.0,0.0
@nytimes,2018-07-13 08:49:55+00:00,Canadians told us exactly how they felt about the Trump administration‚Äôs tariffs and slights against Prime Minister‚Ä¶ https://t.co/s9EjWJGIml,0.0,59,1017692587623374848,0.0,1.0,0.0
@nytimes,2018-07-13 08:32:04+00:00,Residents returning to the destroyed city of Raqqa are figuring out how to live when loss lurks around nearly every‚Ä¶ https://t.co/EJgc8iCAGt,-0.7506,60,1017688094022295552,0.291,0.709,0.0
@nytimes,2018-07-13 08:06:38+00:00,Here‚Äôs the full list of 2018 Emmy nominations: https://t.co/LwnHbComhF,0.0,61,1017681696282611712,0.0,1.0,0.0
@nytimes,2018-07-13 07:50:00+00:00,A deep sea snail's internal body changes are like no metamorphosis ever observed in any other animal on the planet https://t.co/vTMik7HqM0,0.0772,62,1017677508412674049,0.097,0.793,0.11
@nytimes,2018-07-13 07:33:01+00:00,"RT @dionnesearcey: Paul Biya has been president of Cameroon for 36 years. A U.S. ambassador suggested he think about his legacy, and an upr‚Ä¶",0.0,63,1017673237722001408,0.0,1.0,0.0
@nytimes,2018-07-13 07:02:06+00:00,Reporter Gardiner Harris found he was both invisible and very much watched during a visit to North Korea. https://t.co/FpJ13gb2Lc,0.0,64,1017665453349658624,0.0,1.0,0.0
@nytimes,2018-07-13 06:44:15+00:00,Bette Nesmith Graham was a terrible typist. So she invented a product that took away the pressure of perfectionism. https://t.co/Cw0PRm4yIx,-0.4588,65,1017660964907507712,0.235,0.664,0.102
@nytimes,2018-07-13 06:26:51+00:00,"Britain, Time to Let Go of the ‚ÄòAnglosphere‚Äô https://t.co/LhNwBcC9Jo",0.0,66,1017656582409158656,0.0,1.0,0.0
@nytimes,2018-07-13 06:25:08+00:00,"The Chinese government's decision to release Liu Xia, widow of the country's most famous dissident, sprung from the‚Ä¶ https://t.co/tbn2zTnetW",0.0,67,1017656151629029376,0.0,1.0,0.0
@nytimes,2018-07-13 06:02:01+00:00,RT @alanblinder: The Justice Department has reopened its investigation into the death of Emmett Till. https://t.co/cst7R8jMvV,-0.128,68,1017650335018561537,0.183,0.657,0.16
@nytimes,2018-07-13 05:32:03+00:00,"RT @julieturkewitz: ‚ÄúWe‚Äôre very lucky that my boss has been friends with the vice president,‚Äù said David Duquette, an aide to the magnate w‚Ä¶",0.7346,69,1017642791760007168,0.0,0.78,0.22
@nytimes,2018-07-13 05:02:05+00:00,"Cpl. Joseph Maciel, who was killed by an Afghan soldier on Saturday, was assigned to a unit meant to provide securi‚Ä¶ https://t.co/RRwSrrgVaB",-0.6705,70,1017635253870059521,0.184,0.816,0.0
@nytimes,2018-07-13 04:38:56+00:00,RT @itscaitlinhd: All ‚Äúeligible‚Äù children under 5-years-old have been reunified with their parents. That doesn‚Äôt mean much to people like N‚Ä¶,0.3612,71,1017629427117838341,0.0,0.889,0.111
@nytimes,2018-07-13 04:22:04+00:00,"RT @maggieNYT: When Trump took his official portrait, he giddily told people he thought his frown looked ""like Churchill."" Great @katieroge‚Ä¶",0.765,72,1017625179634192385,0.0,0.742,0.258
@nytimes,2018-07-13 04:02:06+00:00,Bette Nesmith Graham was a terrible typist. She was also an artist who observed that painters covered up mistakes n‚Ä¶ https://t.co/VBh9pB35z7,-0.6808,73,1017620158217629696,0.237,0.763,0.0
@nytimes,2018-07-13 03:48:01+00:00,"In Troubled Cameroon, U.S. Envoy Is Accused of Election Meddling https://t.co/pXGDWAzcHJ",-0.6369,74,1017616611677786112,0.366,0.634,0.0
@nytimes,2018-07-13 03:47:05+00:00,9 new books recommended by critics and editors at The New York Times this week https://t.co/l3UnSz0Ajn,-0.1027,75,1017616376381476864,0.129,0.765,0.106
@nytimes,2018-07-13 03:32:04+00:00,Astronomers traced a neutrino back to a distant galaxy. ‚ÄúWe have found the first source of cosmic rays.‚Äù https://t.co/fMhKD3n0oG,0.0,76,1017612599830220801,0.0,1.0,0.0
@nytimes,2018-07-13 03:17:01+00:00,A painting worth $1 million has turned up 4 decades after it was stolen from a Manhattan warehouse https://t.co/334A5NHqlB,-0.3182,77,1017608812688265216,0.168,0.733,0.099
@nytimes,2018-07-13 03:02:03+00:00,2 Democratic senators asked federal regulators to investigate the business practices of smart TV manufacturers amid‚Ä¶ https://t.co/QSJBVhkELf,0.4019,78,1017605043808362498,0.0,0.847,0.153
@nytimes,2018-07-13 02:47:04+00:00,"Tech companies have changed the world by building answers to obvious questions ‚Äî but now the obvious, pressing ques‚Ä¶ https://t.co/iCfEVikIcp",0.0,79,1017601275477798914,0.0,1.0,0.0
@nytimes,2018-07-13 02:32:03+00:00,Many celebrities and politicians found their Twitter followings knocked down a few digits as the company slashed te‚Ä¶ https://t.co/IzbV0vNBHT,-0.2263,80,1017597493754957824,0.101,0.899,0.0
@nytimes,2018-07-13 02:17:05+00:00,RT @PamelaPaulNYT: Now you finally get to know which books the great Michiko Kakutani really wants to read. https://t.co/5gQ2abkmTF,0.6249,81,1017593727567761408,0.0,0.814,0.186
@nytimes,2018-07-13 02:02:04+00:00,Ireland is expected to become the first country to formally pledge to divest from fossil fuels https://t.co/24zgVmfSl5,0.0,82,1017589948185300993,0.0,1.0,0.0
@nytimes,2018-07-13 01:47:03+00:00,"‚ÄúI still can‚Äôt believe it worked.‚Äù Inside the Thai soccer team's rescue: floating stretchers, anti-anxiety pills an‚Ä¶ https://t.co/KdCrVdGMP6",0.5106,83,1017586171466211328,0.0,0.837,0.163
@nytimes,2018-07-13 01:32:05+00:00,"Deloitte employees are calling for the firm to end its consulting for ICE, circulating a petition saying they have‚Ä¶ https://t.co/6lP0ijdrRS",0.0,84,1017582405870374912,0.0,1.0,0.0
@nytimes,2018-07-13 01:17:03+00:00,"RT @FrancesRobles: FEMA's own assessment of its handling of the Puerto Rico hurricane shows it vastly underestimated the need, lost track o‚Ä¶",-0.5267,85,1017578622570369024,0.18,0.82,0.0
@nytimes,2018-07-13 01:02:04+00:00,Evening Briefing: Here's what you need to know at the end of the day https://t.co/K8eMfXe0Ml,0.0,86,1017574847847772160,0.0,1.0,0.0
@nytimes,2018-07-13 00:47:05+00:00,RT @nytopinion: Hurricane Maria killed 70 times more people in Puerto Rico than the official estimate. Family members of the victims warn t‚Ä¶,-0.802,87,1017571078011531264,0.291,0.709,0.0
@nytimes,2018-07-13 00:32:04+00:00,"In Okinawa, Japan, a place where the average life expectancy for women is around 90, people form a kind of social n‚Ä¶ https://t.co/mXzm25NWds",0.0,88,1017567300805910528,0.0,1.0,0.0
@nytimes,2018-07-13 00:21:04+00:00,"RT @nytimesbooks: Obama and Biden have run-ins with a biker gang, drug dealers and a corrupt cop. They try to shake Obama‚Äôs humorless secre‚Ä¶",-0.4588,89,1017564531692920833,0.167,0.833,0.0
@nytimes,2018-07-13 00:11:05+00:00,Manhattanhenge is happening again tonight and tomorrow. Here's what you need to know. https://t.co/VkI094d4gf,0.0,90,1017562019594166278,0.0,1.0,0.0
@nytimes,2018-07-13 00:00:15+00:00,Bette Nesmith Graham didn‚Äôt tell anyone at first. She mixed the concoction in her blender and poured it into nail p‚Ä¶ https://t.co/D9Zib5UBBD,0.0,91,1017559294512975873,0.0,1.0,0.0
@nytimes,2018-07-12 23:47:05+00:00,"The Weinstein Company has no more Weinsteins. Bob Weinstein, chairman of the studio, will step down from the board‚Ä¶ https://t.co/sbFhUQm9Uq",-0.296,92,1017555979452510208,0.104,0.896,0.0
@nytimes,2018-07-12 23:32:07+00:00,A Chicago man who was caught on video harassing a woman over a Puerto Rican flag shirt was charged with felony hate‚Ä¶ https://t.co/6fUpWN7RNI,-0.8316,93,1017552211327508480,0.341,0.659,0.0
@nytimes,2018-07-12 23:21:02+00:00,RT @nytimesarts: Sandra Oh talks about being the first Asian woman nominated for Lead Actress in a Drama https://t.co/wT7yw9Cfe9,0.0,94,1017549425487630338,0.0,1.0,0.0
@nytimes,2018-07-12 23:10:08+00:00,Breaking News: President Trump inserted himself into Britain's debate over leaving the EU and criticized how Prime‚Ä¶ https://t.co/x0JZaegUsk,-0.3612,95,1017546682320523264,0.128,0.872,0.0
@nytimes,2018-07-12 23:02:03+00:00,Here‚Äôs the full list of 2018 Emmy nominations: https://t.co/GSAPzLOM57,0.0,96,1017544648527679489,0.0,1.0,0.0
@nytimes,2018-07-12 22:47:02+00:00,Evening Briefing: Here's what you need to know at the end of the day https://t.co/HTu7KfZh32,0.0,97,1017540867488407552,0.0,1.0,0.0
@nytimes,2018-07-12 22:32:04+00:00,"The Thai Navy may find a use for Elon Musk‚Äôs mini-submarine, designed (but not used) to save the soccer team trappe‚Ä¶ https://t.co/OlldxOtn3L",-0.3875,98,1017537100441415686,0.116,0.884,0.0
@nytimes,2018-07-12 22:17:04+00:00,"RT @nytlizrobbins: Border agents told him that his 4-year-old son would be put up for adoption, and ripped him from his arms. After two mon‚Ä¶",0.0,99,1017533324473061376,0.0,1.0,0.0
@nytimes,2018-07-12 22:02:02+00:00,Not sure what to do in NYC this weekend? We‚Äôve got you. https://t.co/KaVPNdlOHC,-0.2411,100,1017529545010884610,0.141,0.859,0.0
